State,zip,PRICE
DC,20001,812526
DC,20002,787511
DC,20003,947111
DC,20004,728216
DC,20005,846988
DC,20007,2138275
DC,20008,1546984
DC,20009,861662
DC,20010,712710
DC,20011,680543
DC,20012,603771
DC,20015,1201780
DC,20016,1313662
DC,20017,613049
DC,20018,678146
DC,20019,425900
DC,20020,424054
DC,20024,592979
DC,20032,396204
DC,20036,565706
DC,20037,1097920
FL,32003,517978
FL,32009,625725
FL,32011,524299
FL,32033,488400
FL,32034,863118
FL,32040,388271
FL,32043,523391
FL,32046,499444
FL,32054,713714
FL,32058,311300
FL,32059,433675
FL,32063,370095
FL,32065,290204
FL,32068,486893
FL,32073,349353
FL,32080,1165788
FL,32081,638811
FL,32082,1952851
FL,32083,361667
FL,32084,554106
FL,32086,486074
FL,32087,158267
FL,32091,316122
FL,32092,440162
FL,32095,539383
FL,32096,268990
FL,32097,418246
FL,32102,323971
FL,32110,506797
FL,32112,325260
FL,32113,1034108
FL,32114,238389
FL,32117,267156
FL,32118,547134
FL,32119,351214
FL,32124,487304
FL,32127,881923
FL,32128,541014
FL,32129,267174
FL,32130,327296
FL,32131,256657
FL,32132,504906
FL,32134,629373
FL,32136,1040952
FL,32137,552288
FL,32139,687600
FL,32140,244950
FL,32141,387274
FL,32145,271653
FL,32148,240316
FL,32159,445587
FL,32162,616997
FL,32163,516867
FL,32164,350472
FL,32168,568423
FL,32169,798968
FL,32174,554890
FL,32176,751213
FL,32177,532920
FL,32179,414767
FL,32180,988829
FL,32181,546843
FL,32187,339950
FL,32189,356230
FL,32190,282500
FL,32193,679950
FL,32195,750104
FL,32202,287712
FL,32204,594206
FL,32205,339687
FL,32206,219037
FL,32207,516858
FL,32208,175825
FL,32209,113192
FL,32210,309981
FL,32211,264240
FL,32216,270861
FL,32217,649423
FL,32218,319063
FL,32219,360428
FL,32220,388573
FL,32221,369853
FL,32222,318624
FL,32223,704710
FL,32224,946053
FL,32225,460368
FL,32226,531797
FL,32233,907242
FL,32234,323720
FL,32244,284081
FL,32246,450748
FL,32250,1165410
FL,32254,181470
FL,32256,439615
FL,32257,363984
FL,32258,442740
FL,32259,624452
FL,32266,1204857
FL,32277,297237
FL,32301,283615
FL,32302,110000
FL,32303,281106
FL,32304,146105
FL,32305,249322
FL,32308,452600
FL,32309,558990
FL,32310,190295
FL,32311,334612
FL,32312,630144
FL,32317,434191
FL,32320,465000
FL,32321,303750
FL,32322,667942
FL,32323,334625
FL,32324,213117
FL,32327,406020
FL,32328,1304450
FL,32331,547000
FL,32333,296076
FL,32334,489500
FL,32336,214700
FL,32340,484095
FL,32343,292500
FL,32344,407374
FL,32346,533922
FL,32347,408390
FL,32348,407100
FL,32350,184900
FL,32351,246009
FL,32352,78000
FL,32358,467833
FL,32359,593900
FL,32433,290396
FL,32435,813195
FL,32439,542615
FL,32455,472250
FL,32459,1817563
FL,32461,2574786
FL,32501,472922
FL,32502,842386
FL,32503,461887
FL,32504,249448
FL,32505,171234
FL,32506,285561
FL,32507,668044
FL,32514,383714
FL,32524,175000
FL,32526,308170
FL,32531,351685
FL,32533,379795
FL,32534,258355
FL,32535,138199
FL,32536,393139
FL,32539,335317
FL,32541,1255143
FL,32547,471789
FL,32548,574975
FL,32550,1015065
FL,32561,1238638
FL,32563,637429
FL,32564,238000
FL,32565,369128
FL,32566,772689
FL,32567,375814
FL,32568,446000
FL,32569,786785
FL,32570,468147
FL,32571,419281
FL,32577,482467
FL,32578,550387
FL,32579,1136084
FL,32580,380834
FL,32583,458275
FL,32601,327714
FL,32603,659500
FL,32605,334456
FL,32606,636294
FL,32607,328904
FL,32608,423888
FL,32609,869320
FL,32615,453386
FL,32617,1082193
FL,32618,449702
FL,32621,287320
FL,32622,274999
FL,32625,591300
FL,32626,346114
FL,32631,317500
FL,32640,536941
FL,32641,147173
FL,32643,317404
FL,32653,479208
FL,32656,336694
FL,32658,649700
FL,32666,327656
FL,32667,607514
FL,32668,1220518
FL,32669,602785
FL,32681,650000
FL,32686,1471315
FL,32693,133450
FL,32694,231633
FL,32696,919043
FL,32701,360550
FL,32702,587333
FL,32703,426925
FL,32707,357891
FL,32708,463034
FL,32709,786200
FL,32712,479387
FL,32713,449405
FL,32714,369529
FL,32720,386723
FL,32724,385513
FL,32725,329596
FL,32726,466722
FL,32728,350000
FL,32730,382475
FL,32732,621257
FL,32735,289900
FL,32736,606754
FL,32738,328941
FL,32744,405612
FL,32746,622046
FL,32750,391158
FL,32751,510891
FL,32754,460224
FL,32757,529221
FL,32759,354330
FL,32763,320190
FL,32764,789000
FL,32765,689763
FL,32766,832760
FL,32767,300000
FL,32771,431265
FL,32773,341415
FL,32776,592744
FL,32778,459149
FL,32779,719786
FL,32780,350218
FL,32784,701527
FL,32789,1064732
FL,32792,524415
FL,32796,344505
FL,32798,650000
FL,32801,656353
FL,32803,525461
FL,32804,626976
FL,32805,236657
FL,32806,509670
FL,32807,322851
FL,32808,234577
FL,32809,239475
FL,32810,265950
FL,32811,191944
FL,32812,379631
FL,32814,566333
FL,32817,495266
FL,32818,423133
FL,32819,585935
FL,32820,610759
FL,32821,195910
FL,32822,229789
FL,32824,443198
FL,32825,409264
FL,32826,525855
FL,32827,1029984
FL,32828,434959
FL,32829,441939
FL,32832,669352
FL,32833,497827
FL,32835,377911
FL,32836,1101755
FL,32837,595052
FL,32839,228898
FL,32901,536045
FL,32903,932843
FL,32904,372166
FL,32905,279675
FL,32907,309442
FL,32908,348408
FL,32909,348667
FL,32920,622285
FL,32922,392477
FL,32926,386433
FL,32927,310003
FL,32931,787906
FL,32934,663140
FL,32935,498143
FL,32937,734774
FL,32940,496797
FL,32948,496067
FL,32949,659348
FL,32950,886350
FL,32951,1369786
FL,32952,1026252
FL,32953,471231
FL,32955,624064
FL,32958,511989
FL,32960,451687
FL,32962,282431
FL,32963,2147823
FL,32966,474909
FL,32967,563411
FL,32968,525732
FL,32976,530500
FL,33001,4273750
FL,33004,430420
FL,33009,530575
FL,33010,474281
FL,33012,327420
FL,33013,494586
FL,33014,630042
FL,33015,310577
FL,33016,412200
FL,33018,515345
FL,33019,947471
FL,33020,485562
FL,33021,472895
FL,33023,392241
FL,33024,450205
FL,33025,323260
FL,33026,333701
FL,33027,410937
FL,33028,556586
FL,33029,712891
FL,33030,792406
FL,33031,1093018
FL,33032,479835
FL,33033,374395
FL,33034,457245
FL,33035,318658
FL,33036,2916508
FL,33037,1648956
FL,33040,1742025
FL,33042,1461046
FL,33043,1112497
FL,33050,1680425
FL,33051,1895670
FL,33054,392036
FL,33055,394210
FL,33056,387382
FL,33060,579264
FL,33062,885524
FL,33063,244329
FL,33064,1152181
FL,33065,397948
FL,33066,240197
FL,33067,1075761
FL,33068,296768
FL,33069,275753
FL,33070,1904553
FL,33071,558111
FL,33073,587851
FL,33076,1137144
FL,33109,7037500
FL,33122,1725000
FL,33125,529399
FL,33126,363479
FL,33127,919436
FL,33128,794464
FL,33129,1554112
FL,33130,751264
FL,33131,1075717
FL,33132,1089019
FL,33133,2112392
FL,33134,1407397
FL,33135,691270
FL,33136,1072681
FL,33137,1199282
FL,33138,1494619
FL,33139,1432842
FL,33140,1489740
FL,33141,995953
FL,33142,444973
FL,33143,3047921
FL,33144,641033
FL,33145,679468
FL,33146,1447101
FL,33147,354597
FL,33149,3027306
FL,33150,581632
FL,33154,2308525
FL,33155,733167
FL,33156,2883292
FL,33157,757759
FL,33158,1701333
FL,33160,1473921
FL,33161,558686
FL,33162,419356
FL,33165,657154
FL,33166,558880
FL,33167,411932
FL,33168,478841
FL,33169,398194
FL,33170,687465
FL,33172,315367
FL,33173,595467
FL,33174,519143
FL,33175,770675
FL,33176,980060
FL,33177,493831
FL,33178,637967
FL,33179,472865
FL,33180,873285
FL,33181,993299
FL,33182,810138
FL,33183,581904
FL,33184,642915
FL,33185,610722
FL,33186,470556
FL,33187,1087409
FL,33189,408385
FL,33190,360673
FL,33193,416894
FL,33194,627886
FL,33196,548321
FL,33301,2524108
FL,33302,275000
FL,33304,1374901
FL,33305,1818148
FL,33306,2040300
FL,33308,1343013
FL,33309,398783
FL,33311,382301
FL,33312,757513
FL,33313,189206
FL,33314,674049
FL,33315,623057
FL,33316,2617495
FL,33317,445350
FL,33319,193298
FL,33321,260994
FL,33322,190265
FL,33323,637950
FL,33324,522957
FL,33325,868733
FL,33326,1207621
FL,33327,1056889
FL,33328,726246
FL,33330,2123347
FL,33331,1666362
FL,33332,2539041
FL,33334,574931
FL,33351,307323
FL,33401,1277984
FL,33403,930427
FL,33404,1101726
FL,33405,1449121
FL,33406,414759
FL,33407,419719
FL,33408,1226370
FL,33409,403326
FL,33410,1897191
FL,33411,534734
FL,33412,1120735
FL,33413,596979
FL,33414,2345572
FL,33415,319978
FL,33417,126155
FL,33418,1450076
FL,33426,340404
FL,33428,466443
FL,33430,260653
FL,33431,1783006
FL,33432,2616229
FL,33433,586373
FL,33434,425674
FL,33435,516866
FL,33436,470920
FL,33437,510291
FL,33440,363513
FL,33441,720128
FL,33442,260521
FL,33444,946251
FL,33445,370186
FL,33446,695468
FL,33449,2248826
FL,33455,1463133
FL,33458,1398254
FL,33460,657800
FL,33461,204425
FL,33462,572709
FL,33463,515744
FL,33467,482274
FL,33469,1700909
FL,33470,871183
FL,33471,975843
FL,33472,1092877
FL,33473,961344
FL,33476,287043
FL,33477,1544557
FL,33478,1212739
FL,33480,2661005
FL,33483,2760914
FL,33484,245970
FL,33486,1345818
FL,33487,1597102
FL,33493,228362
FL,33496,2532787
FL,33498,776335
FL,33510,397550
FL,33511,459208
FL,33513,509772
FL,33514,150000
FL,33521,281950
FL,33523,475542
FL,33525,658197
FL,33527,717506
FL,33534,364466
FL,33538,242670
FL,33540,348689
FL,33541,380076
FL,33542,382116
FL,33543,396888
FL,33544,591937
FL,33545,464956
FL,33547,683018
FL,33548,719533
FL,33549,465498
FL,33556,972561
FL,33558,719896
FL,33559,724576
FL,33563,286072
FL,33565,499023
FL,33566,978042
FL,33567,816112
FL,33569,567099
FL,33570,473843
FL,33572,733175
FL,33573,344007
FL,33576,433409
FL,33578,824859
FL,33579,460108
FL,33584,427981
FL,33585,712450
FL,33592,1763770
FL,33594,398689
FL,33596,542265
FL,33597,517136
FL,33598,470118
FL,33602,1348495
FL,33603,521819
FL,33604,328179
FL,33605,295661
FL,33606,2209544
FL,33607,408912
FL,33609,1532658
FL,33610,335336
FL,33611,856915
FL,33612,361423
FL,33613,787785
FL,33614,353403
FL,33615,501124
FL,33616,469034
FL,33617,334990
FL,33618,561958
FL,33619,363301
FL,33624,483822
FL,33625,879287
FL,33626,522962
FL,33629,2023656
FL,33634,536100
FL,33635,521490
FL,33637,307950
FL,33647,499982
FL,33701,1447822
FL,33702,426946
FL,33703,720267
FL,33704,2187059
FL,33705,600961
FL,33706,1312719
FL,33707,636564
FL,33708,1347454
FL,33709,242585
FL,33710,627432
FL,33711,610179
FL,33712,397367
FL,33713,422338
FL,33714,309237
FL,33715,1184822
FL,33716,240586
FL,33755,611898
FL,33756,442642
FL,33759,524622
FL,33760,371075
FL,33761,495866
FL,33762,488388
FL,33763,216538
FL,33764,403270
FL,33765,359460
FL,33767,1096141
FL,33770,776637
FL,33771,260667
FL,33772,369868
FL,33773,325850
FL,33774,668692
FL,33776,967585
FL,33777,338925
FL,33778,443800
FL,33781,358260
FL,33782,295667
FL,33785,1651034
FL,33786,2212250
FL,33801,292936
FL,33803,380667
FL,33805,270780
FL,33809,475754
FL,33810,374819
FL,33811,438134
FL,33812,417225
FL,33813,526857
FL,33815,545617
FL,33823,460792
FL,33827,328950
FL,33830,325456
FL,33834,255000
FL,33836,378944
FL,33837,421472
FL,33838,373991
FL,33839,426029
FL,33841,263578
FL,33843,415904
FL,33844,401476
FL,33848,149900
FL,33849,667000
FL,33850,457143
FL,33851,294250
FL,33853,235969
FL,33855,295926
FL,33859,422607
FL,33860,268575
FL,33865,590000
FL,33867,154900
FL,33868,601238
FL,33873,721975
FL,33877,160000
FL,33880,309165
FL,33881,332107
FL,33884,454188
FL,33896,433633
FL,33897,347445
FL,33898,681500
FL,33901,704155
FL,33903,468031
FL,33904,850306
FL,33905,670626
FL,33907,348258
FL,33908,842868
FL,33909,413275
FL,33912,736945
FL,33913,1175878
FL,33914,774517
FL,33916,383669
FL,33917,459463
FL,33919,574350
FL,33920,911175
FL,33921,6398750
FL,33922,564050
FL,33924,2645217
FL,33928,871940
FL,33930,480000
FL,33931,1567916
FL,33935,442910
FL,33936,266454
FL,33946,1304938
FL,33947,516190
FL,33948,468398
FL,33950,731262
FL,33952,492970
FL,33953,436717
FL,33954,413557
FL,33955,581579
FL,33956,907100
FL,33957,1569820
FL,33966,408745
FL,33967,391032
FL,33971,311008
FL,33972,341822
FL,33973,673436
FL,33974,326710
FL,33976,321529
FL,33980,438105
FL,33981,567891
FL,33982,695434
FL,33983,456440
FL,33990,505079
FL,33991,627267
FL,33993,528830
FL,34102,3448936
FL,34103,3226878
FL,34104,498326
FL,34105,1395428
FL,34108,2568875
FL,34109,1218397
FL,34110,1758074
FL,34112,593672
FL,34113,805513
FL,34114,761303
FL,34116,503769
FL,34117,803323
FL,34119,1401446
FL,34120,737810
FL,34134,2415600
FL,34135,629431
FL,34138,85000
FL,34139,242450
FL,34140,1244500
FL,34142,375695
FL,34145,1862013
FL,34146,2500000
FL,34201,709043
FL,34202,1346792
FL,34203,444684
FL,34205,359300
FL,34207,423743
FL,34208,738410
FL,34209,1182176
FL,34210,599906
FL,34211,568650
FL,34212,677344
FL,34215,1171720
FL,34216,5078932
FL,34217,2429365
FL,34219,539746
FL,34221,543802
FL,34222,535362
FL,34223,1231668
FL,34224,757808
FL,34228,2253253
FL,34229,1512197
FL,34231,1045638
FL,34232,460086
FL,34233,507569
FL,34234,700706
FL,34235,312218
FL,34236,2625079
FL,34237,453175
FL,34238,701156
FL,34239,1935285
FL,34240,754594
FL,34241,893213
FL,34242,1437055
FL,34243,582339
FL,34251,1216140
FL,34266,403044
FL,34269,548394
FL,34275,987403
FL,34285,746545
FL,34286,507551
FL,34287,388137
FL,34288,373774
FL,34289,355907
FL,34291,367200
FL,34292,536970
FL,34293,534391
FL,34420,313101
FL,34428,514497
FL,34429,635391
FL,34430,749000
FL,34431,277257
FL,34432,688142
FL,34433,259829
FL,34434,281617
FL,34436,439714
FL,34442,491560
FL,34446,335139
FL,34448,757400
FL,34449,806760
FL,34450,695012
FL,34452,325980
FL,34453,716818
FL,34461,568627
FL,34465,320697
FL,34470,238840
FL,34471,600501
FL,34472,315215
FL,34473,281339
FL,34474,326325
FL,34475,855734
FL,34476,361579
FL,34479,419771
FL,34480,625846
FL,34481,301547
FL,34482,1034870
FL,34484,678979
FL,34488,578296
FL,34491,643545
FL,34601,552234
FL,34602,760468
FL,34604,729556
FL,34606,274334
FL,34607,613959
FL,34608,358980
FL,34609,378914
FL,34610,649331
FL,34613,380101
FL,34614,428056
FL,34637,438439
FL,34638,507666
FL,34639,460262
FL,34652,359167
FL,34653,295103
FL,34654,404983
FL,34655,483727
FL,34667,412633
FL,34668,227495
FL,34669,371431
FL,34677,491768
FL,34681,1641980
FL,34683,497680
FL,34684,444874
FL,34685,717750
FL,34688,1152809
FL,34689,886223
FL,34690,257174
FL,34691,257567
FL,34695,622879
FL,34698,514714
FL,34705,859000
FL,34711,532855
FL,34714,458781
FL,34715,438504
FL,34731,482781
FL,34734,554225
FL,34736,541492
FL,34737,486225
FL,34739,314000
FL,34741,309793
FL,34743,303771
FL,34744,457376
FL,34746,434056
FL,34747,808537
FL,34748,330734
FL,34753,338151
FL,34756,1271784
FL,34758,326965
FL,34759,321850
FL,34760,600000
FL,34761,393278
FL,34762,422019
FL,34769,330263
FL,34771,611448
FL,34772,536479
FL,34773,461632
FL,34785,448140
FL,34786,1400809
FL,34787,605561
FL,34788,454229
FL,34797,433350
FL,34945,554436
FL,34946,462600
FL,34947,283412
FL,34949,1212513
FL,34950,292938
FL,34951,340592
FL,34952,357796
FL,34953,411710
FL,34956,800000
FL,34957,619978
FL,34972,645594
FL,34974,423871
FL,34981,610997
FL,34982,579003
FL,34983,362661
FL,34984,466195
FL,34986,487378
FL,34987,470087
FL,34990,1079753
FL,34994,592862
FL,34996,1829399
FL,34997,515987
GA,29835,69000
GA,29841,175000
GA,29842,412900
GA,30105,399000
GA,30707,412506
GA,30725,313240
GA,30726,199000
GA,30728,205227
GA,30731,948474
GA,30736,378174
GA,30738,488357
GA,30739,313880
GA,30741,344747
GA,30742,366600
GA,30747,370990
GA,30750,383367
GA,30752,351262
GA,30753,289654
GA,30757,382450
GA,31302,494116
GA,31303,349900
GA,31308,522427
GA,31312,339422
GA,31321,341704
GA,31322,383285
GA,31324,617821
GA,31326,448224
GA,31328,892852
GA,31329,605979
GA,31401,1014448
GA,31404,260962
GA,31405,429922
GA,31406,553126
GA,31407,311420
GA,31408,252688
GA,31410,506835
GA,31411,1252471
GA,31415,190978
GA,31419,415941
MD,20601,498880
MD,20602,343350
MD,20603,485543
MD,20607,481775
MD,20608,251600
MD,20609,535000
MD,20611,549930
MD,20613,568661
MD,20616,437199
MD,20617,612000
MD,20618,24900
MD,20619,477085
MD,20621,352900
MD,20622,590250
MD,20623,524000
MD,20624,299000
MD,20625,359900
MD,20626,892500
MD,20628,350000
MD,20630,555900
MD,20634,702333
MD,20636,404862
MD,20637,595380
MD,20639,872767
MD,20640,368216
MD,20645,424675
MD,20646,551688
MD,20650,602925
MD,20653,325892
MD,20657,355966
MD,20658,320000
MD,20659,626700
MD,20662,149900
MD,20664,486021
MD,20667,226950
MD,20674,786583
MD,20675,545507
MD,20676,613333
MD,20677,508970
MD,20678,413516
MD,20684,333233
MD,20685,640932
MD,20688,554633
MD,20689,833333
MD,20690,330000
MD,20692,589900
MD,20693,699999
MD,20695,423825
MD,20705,370381
MD,20706,408923
MD,20707,487011
MD,20708,509395
MD,20710,265450
MD,20711,633054
MD,20712,604943
MD,20714,574425
MD,20715,464566
MD,20716,398629
MD,20720,471982
MD,20721,527320
MD,20722,486600
MD,20723,457866
MD,20724,411379
MD,20732,423920
MD,20733,558333
MD,20735,428312
MD,20736,650713
MD,20737,461512
MD,20740,381590
MD,20743,347675
MD,20744,458019
MD,20745,454316
MD,20746,340315
MD,20747,331579
MD,20748,332411
MD,20751,465960
MD,20754,778000
MD,20759,994343
MD,20764,479843
MD,20765,530000
MD,20769,702956
MD,20770,253266
MD,20772,470217
MD,20774,435403
MD,20776,1429650
MD,20777,1254914
MD,20778,1275999
MD,20779,524900
MD,20781,467988
MD,20782,447312
MD,20783,376619
MD,20784,337761
MD,20785,330679
MD,20794,516356
MD,20812,1675000
MD,20814,667540
MD,20815,1103722
MD,20816,1116700
MD,20817,1519933
MD,20818,1399450
MD,20832,457136
MD,20833,970057
MD,20837,682500
MD,20841,1165712
MD,20842,1444358
MD,20850,489747
MD,20851,505767
MD,20852,466196
MD,20853,535477
MD,20854,2054957
MD,20855,627011
MD,20860,2182500
MD,20861,709436
MD,20866,621210
MD,20871,625686
MD,20872,753550
MD,20874,766557
MD,20876,391012
MD,20877,434040
MD,20878,834895
MD,20879,444172
MD,20882,730114
MD,20886,267913
MD,20895,960504
MD,20901,466758
MD,20902,472686
MD,20903,393171
MD,20904,441279
MD,20905,784114
MD,20906,349793
MD,20910,510285
MD,20912,520070
MD,21001,314954
MD,21009,367661
MD,21012,935930
MD,21013,777056
MD,21014,371530
MD,21015,763207
MD,21017,263326
MD,21028,592450
MD,21029,1188000
MD,21030,857382
MD,21032,642791
MD,21034,331016
MD,21035,1730499
MD,21036,1191246
MD,21037,809497
MD,21040,296720
MD,21042,868458
MD,21043,488581
MD,21044,697735
MD,21045,436100
MD,21046,390561
MD,21047,560065
MD,21048,499669
MD,21050,520910
MD,21053,783300
MD,21054,1124980
MD,21057,1231648
MD,21060,449291
MD,21061,353904
MD,21074,431020
MD,21075,437515
MD,21076,492163
MD,21078,408139
MD,21082,753071
MD,21084,739248
MD,21085,426780
MD,21087,424966
MD,21090,431269
MD,21093,455738
MD,21102,481331
MD,21104,762500
MD,21108,500530
MD,21111,571473
MD,21113,651154
MD,21114,415000
MD,21117,761082
MD,21120,1289850
MD,21122,484633
MD,21128,494078
MD,21130,60000
MD,21131,984014
MD,21132,628600
MD,21133,386650
MD,21136,540937
MD,21140,807580
MD,21144,507731
MD,21146,844303
MD,21152,1007587
MD,21153,899000
MD,21154,535800
MD,21155,663300
MD,21156,748976
MD,21157,481016
MD,21158,495557
MD,21160,335000
MD,21161,532500
MD,21162,404750
MD,21163,590671
MD,21201,262811
MD,21202,555518
MD,21204,631309
MD,21205,206659
MD,21206,229482
MD,21207,292348
MD,21208,428691
MD,21209,282863
MD,21210,665007
MD,21211,271764
MD,21212,375406
MD,21213,146203
MD,21214,239904
MD,21215,224628
MD,21216,164696
MD,21217,178184
MD,21218,271218
MD,21219,500251
MD,21220,432775
MD,21221,370423
MD,21222,260598
MD,21223,144488
MD,21224,305093
MD,21225,177134
MD,21226,174456
MD,21227,303171
MD,21228,370893
MD,21229,172240
MD,21230,452916
MD,21231,410137
MD,21234,291737
MD,21236,299200
MD,21237,288454
MD,21239,266483
MD,21244,298787
MD,21286,404057
MD,21401,657006
MD,21403,851116
MD,21409,619876
MD,21502,156438
MD,21520,1565667
MD,21521,101433
MD,21522,149000
MD,21523,79000
MD,21529,144900
MD,21530,157433
MD,21531,1183225
MD,21532,221942
MD,21536,1000700
MD,21539,116200
MD,21541,991418
MD,21545,133950
MD,21550,965036
MD,21555,120000
MD,21557,179336
MD,21561,838771
MD,21562,134450
MD,21601,984679
MD,21607,233900
MD,21612,686250
MD,21613,319641
MD,21617,403142
MD,21619,495584
MD,21620,489766
MD,21622,329925
MD,21623,282008
MD,21624,1250000
MD,21625,152200
MD,21626,319150
MD,21628,329950
MD,21629,428560
MD,21631,327050
MD,21632,195892
MD,21634,268633
MD,21635,691483
MD,21636,285467
MD,21638,843519
MD,21639,363725
MD,21643,279005
MD,21644,515000
MD,21648,362500
MD,21650,1418333
MD,21651,427167
MD,21652,1833167
MD,21654,1122600
MD,21655,1211975
MD,21657,482633
MD,21658,1712250
MD,21659,550000
MD,21660,358986
MD,21661,814362
MD,21662,1333000
MD,21663,887000
MD,21664,137900
MD,21666,555915
MD,21668,215000
MD,21669,1024500
MD,21671,560594
MD,21672,157200
MD,21673,637878
MD,21675,495000
MD,21677,1650000
MD,21678,773780
MD,21679,475967
MD,21701,490847
MD,21702,517644
MD,21703,425764
MD,21704,585007
MD,21710,1170000
MD,21711,642450
MD,21713,364529
MD,21716,430457
MD,21722,323117
MD,21723,724950
MD,21727,375361
MD,21733,136425
MD,21734,343615
MD,21737,550000
MD,21738,1574000
MD,21740,287904
MD,21742,322603
MD,21750,424225
MD,21754,737225
MD,21755,562023
MD,21756,339725
MD,21757,646250
MD,21758,865000
MD,21766,233167
MD,21767,262500
MD,21769,728348
MD,21770,631856
MD,21771,679609
MD,21773,509663
MD,21774,601696
MD,21776,479438
MD,21777,485000
MD,21778,1079967
MD,21779,274950
MD,21782,338283
MD,21783,520580
MD,21784,634778
MD,21787,387763
MD,21788,250529
MD,21791,509200
MD,21793,679966
MD,21794,787500
MD,21795,168475
MD,21797,1113743
MD,21798,452940
MD,21801,387176
MD,21804,224269
MD,21811,538597
MD,21813,557300
MD,21814,999999
MD,21817,190838
MD,21821,410475
MD,21822,676643
MD,21824,103100
MD,21826,297125
MD,21829,1300000
MD,21830,429200
MD,21835,39900
MD,21837,368210
MD,21838,375850
MD,21840,400000
MD,21841,465633
MD,21842,681263
MD,21843,495000
MD,21849,449000
MD,21850,270220
MD,21851,323046
MD,21853,327525
MD,21856,563725
MD,21861,189900
MD,21862,499000
MD,21863,396488
MD,21864,107000
MD,21865,218967
MD,21866,130000
MD,21869,334725
MD,21871,460088
MD,21874,550000
MD,21875,281763
MD,21901,463939
MD,21903,335769
MD,21904,136533
MD,21911,469715
MD,21912,931633
MD,21913,309900
MD,21914,669950
MD,21915,408100
MD,21917,268267
MD,21918,239900
MD,21919,271900
MD,21921,366855
NC,23873,1399000
NC,27006,754933
NC,27012,239495
NC,27013,346648
NC,27014,160000
NC,27018,399000
NC,27020,179900
NC,27028,250512
NC,27030,750000
NC,27040,339808
NC,27050,399900
NC,27054,589967
NC,27055,898250
NC,27101,1940000
NC,27104,535000
NC,27105,155500
NC,27106,599950
NC,27127,260617
NC,27203,429500
NC,27205,646400
NC,27207,448475
NC,27209,196000
NC,27215,343572
NC,27217,374082
NC,27229,245000
NC,27231,296950
NC,27233,406000
NC,27239,512450
NC,27242,770000
NC,27243,1710000
NC,27244,838333
NC,27249,485800
NC,27252,303167
NC,27253,332419
NC,27258,290000
NC,27262,114900
NC,27265,350447
NC,27278,513435
NC,27281,550000
NC,27282,375750
NC,27283,646300
NC,27284,314515
NC,27288,187450
NC,27291,688000
NC,27292,383665
NC,27295,400050
NC,27298,2475000
NC,27299,238725
NC,27302,427689
NC,27306,450172
NC,27310,1735000
NC,27312,743740
NC,27316,193250
NC,27320,545000
NC,27330,537560
NC,27332,415982
NC,27340,855000
NC,27343,1603250
NC,27344,267958
NC,27349,341980
NC,27355,154500
NC,27356,99500
NC,27357,499780
NC,27358,654930
NC,27360,151267
NC,27371,367156
NC,27376,346330
NC,27377,507203
NC,27379,301333
NC,27403,699000
NC,27405,140000
NC,27406,435000
NC,27407,165000
NC,27409,528020
NC,27410,464867
NC,27501,465967
NC,27502,572179
NC,27503,491580
NC,27504,277209
NC,27505,388751
NC,27507,854950
NC,27509,209500
NC,27510,517450
NC,27511,648571
NC,27513,536939
NC,27514,852667
NC,27516,694580
NC,27517,987281
NC,27518,694438
NC,27519,677794
NC,27520,407438
NC,27521,298066
NC,27522,300133
NC,27523,1301223
NC,27524,449552
NC,27525,405027
NC,27526,477689
NC,27527,413968
NC,27529,415241
NC,27536,135620
NC,27537,351527
NC,27539,590050
NC,27540,596119
NC,27541,269900
NC,27542,273039
NC,27544,281633
NC,27545,601277
NC,27546,357550
NC,27549,358256
NC,27557,317450
NC,27559,585670
NC,27560,656326
NC,27562,637216
NC,27565,323544
NC,27568,232450
NC,27569,355548
NC,27571,468900
NC,27572,467766
NC,27573,266162
NC,27574,353323
NC,27576,346325
NC,27577,348825
NC,27583,336580
NC,27587,624427
NC,27591,449036
NC,27592,436861
NC,27593,294901
NC,27596,509634
NC,27597,461189
NC,27601,626921
NC,27603,540995
NC,27604,391910
NC,27605,469367
NC,27606,537486
NC,27607,1022583
NC,27608,1400345
NC,27609,1175473
NC,27610,364887
NC,27612,899513
NC,27613,750550
NC,27614,1180304
NC,27615,776969
NC,27616,391425
NC,27617,499585
NC,27620,269900
NC,27701,789058
NC,27703,449496
NC,27704,343484
NC,27705,525478
NC,27707,539955
NC,27712,460529
NC,27713,488314
NC,27816,529000
NC,28001,319392
NC,28007,1480000
NC,28009,182000
NC,28012,437846
NC,28016,242899
NC,28018,363833
NC,28020,349900
NC,28021,492850
NC,28023,394164
NC,28025,430199
NC,28027,420072
NC,28031,1014233
NC,28032,229300
NC,28033,259950
NC,28034,321145
NC,28036,841262
NC,28037,687385
NC,28040,241280
NC,28043,316842
NC,28052,244054
NC,28054,234854
NC,28056,383665
NC,28071,232450
NC,28073,433500
NC,28075,454494
NC,28076,486929
NC,28078,635706
NC,28079,516073
NC,28080,556506
NC,28081,340488
NC,28083,266373
NC,28086,439601
NC,28088,306200
NC,28090,328917
NC,28091,304000
NC,28092,308168
NC,28097,357242
NC,28101,507000
NC,28103,355474
NC,28104,837519
NC,28105,489944
NC,28107,441000
NC,28110,477422
NC,28112,373488
NC,28114,270814
NC,28115,438918
NC,28117,870812
NC,28119,133800
NC,28120,454187
NC,28124,395733
NC,28127,378684
NC,28128,527215
NC,28129,291720
NC,28133,309500
NC,28134,381068
NC,28135,154800
NC,28137,276000
NC,28138,363186
NC,28139,383354
NC,28144,303902
NC,28146,387890
NC,28147,317987
NC,28150,278736
NC,28152,483804
NC,28159,236613
NC,28160,307950
NC,28163,377125
NC,28164,516310
NC,28166,568399
NC,28167,594480
NC,28168,227162
NC,28170,172172
NC,28173,861953
NC,28174,683040
NC,28202,747856
NC,28203,681929
NC,28204,631057
NC,28205,577146
NC,28206,399167
NC,28207,1802028
NC,28208,413636
NC,28209,886285
NC,28210,546481
NC,28211,1045611
NC,28212,315281
NC,28213,324696
NC,28214,344176
NC,28215,383132
NC,28216,424660
NC,28217,394529
NC,28226,797288
NC,28227,453300
NC,28262,380474
NC,28269,377382
NC,28270,858668
NC,28273,349119
NC,28277,691308
NC,28278,642619
NC,28315,236000
NC,28323,219967
NC,28326,408900
NC,28327,318490
NC,28334,203460
NC,28339,226229
NC,28365,135000
NC,28374,1290000
NC,28379,250000
NC,28390,389885
NC,28394,299425
NC,28601,410087
NC,28602,255067
NC,28604,670725
NC,28605,1099500
NC,28606,279900
NC,28607,594650
NC,28609,233667
NC,28610,384900
NC,28611,324750
NC,28612,242760
NC,28613,292560
NC,28621,375000
NC,28622,595000
NC,28625,437706
NC,28630,442653
NC,28634,226277
NC,28636,279950
NC,28638,236400
NC,28640,1192500
NC,28645,397196
NC,28646,3824000
NC,28649,399000
NC,28650,391757
NC,28654,562500
NC,28655,402036
NC,28657,393114
NC,28658,319865
NC,28659,827126
NC,28660,296225
NC,28663,420000
NC,28669,150000
NC,28673,927360
NC,28675,749000
NC,28677,377672
NC,28678,334414
NC,28679,2488333
NC,28681,428763
NC,28682,515023
NC,28685,1300000
NC,28690,246742
NC,28694,1400000
NC,28697,289000
NC,28701,554800
NC,28704,1045920
NC,28705,391000
NC,28708,1700000
NC,28709,467000
NC,28711,795805
NC,28712,700327
NC,28713,1665280
NC,28714,869662
NC,28715,489446
NC,28716,466648
NC,28718,950000
NC,28720,799000
NC,28721,475382
NC,28722,970500
NC,28723,780714
NC,28725,668000
NC,28726,314725
NC,28729,393964
NC,28730,563510
NC,28731,320941
NC,28732,605558
NC,28734,517159
NC,28736,595000
NC,28739,937461
NC,28740,2064286
NC,28742,3252450
NC,28743,879975
NC,28745,568667
NC,28746,818794
NC,28747,1754447
NC,28748,845239
NC,28749,488833
NC,28750,89000
NC,28751,590908
NC,28752,399083
NC,28753,687977
NC,28754,584594
NC,28756,871594
NC,28759,1420867
NC,28761,1001642
NC,28762,388214
NC,28763,388625
NC,28766,791633
NC,28768,914167
NC,28771,604725
NC,28772,612400
NC,28773,391000
NC,28774,1053000
NC,28775,2000000
NC,28777,345208
NC,28778,733242
NC,28779,684170
NC,28781,849000
NC,28782,739047
NC,28783,479400
NC,28785,460030
NC,28786,847928
NC,28787,487853
NC,28789,771978
NC,28790,1933545
NC,28791,571711
NC,28792,513508
NC,28801,873879
NC,28803,1639109
NC,28804,1118695
NC,28805,536400
NC,28806,498814
NC,28901,413267
NC,28902,264000
NC,28904,402350
NC,28905,254175
NC,28906,282788
NC,29227,375000
SC,20108,144900
SC,26036,352086
SC,28388,184900
SC,29003,226217
SC,29006,407427
SC,29009,163250
SC,29010,108200
SC,29014,534725
SC,29016,366686
SC,29018,325000
SC,29020,331976
SC,29030,535500
SC,29032,144900
SC,29033,255782
SC,29036,457179
SC,29039,312250
SC,29040,175429
SC,29042,108000
SC,29044,521800
SC,29045,417353
SC,29047,398886
SC,29048,287967
SC,29052,35000
SC,29053,383929
SC,29054,561967
SC,29055,125000
SC,29056,39900
SC,29058,195633
SC,29059,482998
SC,29061,314469
SC,29063,385021
SC,29067,252312
SC,29070,479733
SC,29072,574872
SC,29073,271114
SC,29074,1562500
SC,29075,664900
SC,29078,342038
SC,29082,159900
SC,29102,317183
SC,29108,545931
SC,29112,172495
SC,29113,259000
SC,29115,185221
SC,29118,301438
SC,29123,320467
SC,29126,1595000
SC,29127,412537
SC,29128,1816800
SC,29129,236000
SC,29130,588000
SC,29135,170550
SC,29137,149900
SC,29138,392500
SC,29142,417971
SC,29148,323333
SC,29150,243989
SC,29151,94000
SC,29153,142500
SC,29154,240776
SC,29160,314450
SC,29163,187500
SC,29164,416000
SC,29169,226831
SC,29170,271249
SC,29172,328780
SC,29178,54950
SC,29180,377338
SC,29201,297400
SC,29203,208957
SC,29204,219876
SC,29205,338448
SC,29206,527195
SC,29209,248074
SC,29210,174421
SC,29212,332071
SC,29223,379329
SC,29229,368772
SC,29301,308267
SC,29302,461687
SC,29303,254464
SC,29306,293499
SC,29307,301404
SC,29316,323477
SC,29322,1045117
SC,29323,454250
SC,29325,134509
SC,29329,115000
SC,29330,117650
SC,29332,270000
SC,29334,331273
SC,29335,167000
SC,29340,226900
SC,29341,269243
SC,29349,341006
SC,29351,138300
SC,29353,74400
SC,29356,1128230
SC,29360,217636
SC,29365,382235
SC,29368,210000
SC,29369,358542
SC,29370,824900
SC,29372,180880
SC,29375,290023
SC,29376,276571
SC,29377,117400
SC,29379,211103
SC,29384,503450
SC,29385,250367
SC,29388,327823
SC,29401,1792231
SC,29403,873860
SC,29405,380521
SC,29406,262577
SC,29407,600931
SC,29410,520607
SC,29412,584458
SC,29414,408492
SC,29418,320321
SC,29420,471347
SC,29426,358000
SC,29429,1094423
SC,29431,439450
SC,29432,325000
SC,29434,482500
SC,29435,406996
SC,29436,299883
SC,29437,700000
SC,29438,800640
SC,29439,1824560
SC,29440,468503
SC,29445,288764
SC,29446,157900
SC,29448,135000
SC,29449,1093040
SC,29450,469800
SC,29451,2671525
SC,29453,160000
SC,29455,1102242
SC,29456,263873
SC,29458,654624
SC,29461,404490
SC,29464,1719289
SC,29466,803771
SC,29469,650000
SC,29470,993667
SC,29471,142000
SC,29472,501125
SC,29474,299450
SC,29475,274750
SC,29477,329383
SC,29479,217225
SC,29481,429000
SC,29482,3586429
SC,29483,424789
SC,29485,369624
SC,29486,439833
SC,29487,1035612
SC,29488,276931
SC,29492,1267840
SC,29501,307222
SC,29505,239000
SC,29510,180462
SC,29511,336441
SC,29520,135350
SC,29526,359229
SC,29527,328517
SC,29530,769500
SC,29532,251830
SC,29536,227500
SC,29541,242616
SC,29544,409411
SC,29545,512450
SC,29547,385000
SC,29550,168500
SC,29554,334767
SC,29555,263814
SC,29556,335800
SC,29560,222341
SC,29565,350000
SC,29566,381320
SC,29568,308965
SC,29569,397474
SC,29571,262644
SC,29572,551810
SC,29574,181733
SC,29575,475024
SC,29576,665445
SC,29577,419926
SC,29579,501197
SC,29580,149900
SC,29581,198300
SC,29582,603839
SC,29585,685028
SC,29588,406044
SC,29590,345500
SC,29601,890605
SC,29605,422858
SC,29607,379426
SC,29609,665755
SC,29611,247253
SC,29615,564709
SC,29617,396102
SC,29620,348880
SC,29621,365578
SC,29624,150712
SC,29625,354819
SC,29626,671690
SC,29627,350794
SC,29630,344770
SC,29631,421220
SC,29635,659950
SC,29640,386935
SC,29642,347751
SC,29643,468250
SC,29644,335243
SC,29645,194900
SC,29646,221600
SC,29649,324212
SC,29650,378109
SC,29651,410853
SC,29653,480000
SC,29654,217450
SC,29655,376650
SC,29657,223540
SC,29661,1174667
SC,29662,309348
SC,29665,116000
SC,29666,335100
SC,29667,158000
SC,29669,457877
SC,29670,300206
SC,29671,492746
SC,29672,623421
SC,29673,417175
SC,29676,742684
SC,29678,358297
SC,29679,269900
SC,29680,420211
SC,29681,497671
SC,29682,3927150
SC,29684,176867
SC,29685,2706658
SC,29686,397000
SC,29687,485786
SC,29689,589483
SC,29690,615651
SC,29691,268618
SC,29692,149900
SC,29693,700428
SC,29696,647093
SC,29697,431075
SC,29702,489950
SC,29703,210810
SC,29704,318080
SC,29706,235417
SC,29707,661280
SC,29708,480155
SC,29709,159450
SC,29710,616022
SC,29714,249900
SC,29715,564999
SC,29718,198433
SC,29720,354098
SC,29726,423975
SC,29728,243997
SC,29729,197200
SC,29730,346176
SC,29732,395976
SC,29742,419000
SC,29743,475000
SC,29745,543333
SC,29801,408890
SC,29803,386632
SC,29805,780780
SC,29809,199900
SC,29810,675000
SC,29812,275100
SC,29817,45000
SC,29821,804500
SC,29824,414825
SC,29827,160000
SC,29829,286940
SC,29832,223725
SC,29835,385317
SC,29838,1174500
SC,29841,414357
SC,29842,309338
SC,29847,390200
SC,29851,253447
SC,29853,399000
SC,29860,480484
SC,29902,368807
SC,29906,369491
SC,29907,430330
SC,29909,681990
SC,29910,731043
SC,29911,130500
SC,29920,767500
SC,29924,259450
SC,29926,537668
SC,29927,302801
SC,29928,215000
SC,29935,339500
SC,29936,299525
SC,29940,1398333
SC,29945,210000
VA,20105,1344077
VA,20106,1555314
VA,20109,376976
VA,20110,468369
VA,20111,480203
VA,20112,766320
VA,20115,2454800
VA,20117,2024293
VA,20119,362450
VA,20120,759583
VA,20121,483425
VA,20124,1477490
VA,20129,3000000
VA,20130,390000
VA,20132,1238406
VA,20135,1615600
VA,20136,525571
VA,20137,806900
VA,20141,891027
VA,20144,2039000
VA,20147,723768
VA,20148,685140
VA,20151,581047
VA,20152,606541
VA,20155,821437
VA,20160,629900
VA,20164,511744
VA,20165,699225
VA,20166,574976
VA,20168,558990
VA,20169,775016
VA,20170,783258
VA,20171,655552
VA,20175,1067281
VA,20176,717450
VA,20180,802333
VA,20181,906257
VA,20184,8500000
VA,20186,686355
VA,20187,651387
VA,20190,534325
VA,20191,413039
VA,20194,579383
VA,20197,1109500
VA,20198,1501000
VA,22003,545120
VA,22015,593407
VA,22025,517567
VA,22026,606961
VA,22027,1028817
VA,22030,791424
VA,22031,610675
VA,22032,829775
VA,22033,689518
VA,22039,1291333
VA,22041,372848
VA,22042,627014
VA,22043,784211
VA,22044,329736
VA,22046,724537
VA,22066,2933984
VA,22079,726338
VA,22101,3453372
VA,22102,1306639
VA,22107,895000
VA,22124,1125740
VA,22125,575000
VA,22150,739984
VA,22151,633966
VA,22152,439144
VA,22153,605957
VA,22172,505058
VA,22180,1498367
VA,22181,780677
VA,22182,1164172
VA,22191,462886
VA,22192,421928
VA,22193,477689
VA,22201,790791
VA,22202,730410
VA,22203,380689
VA,22204,572320
VA,22205,1223325
VA,22206,596272
VA,22207,1634202
VA,22209,750161
VA,22213,1173578
VA,22226,460000
VA,22230,825000
VA,22301,961300
VA,22302,376496
VA,22303,495601
VA,22304,404438
VA,22305,635632
VA,22306,699310
VA,22307,270271
VA,22308,909839
VA,22309,562614
VA,22310,562948
VA,22311,448437
VA,22312,478150
VA,22314,1102433
VA,22315,599717
VA,22401,534498
VA,22403,529900
VA,22405,465203
VA,22406,608644
VA,22407,523199
VA,22408,488689
VA,22427,414446
VA,22438,224450
VA,22443,352079
VA,22454,192183
VA,22469,356617
VA,22485,538534
VA,22488,186333
VA,22504,175000
VA,22508,444397
VA,22514,765155
VA,22520,403362
VA,22534,662433
VA,22535,1435000
VA,22542,376740
VA,22546,383609
VA,22551,553276
VA,22553,561779
VA,22554,588050
VA,22556,805256
VA,22560,311421
VA,22567,489633
VA,22580,484033
VA,22601,397058
VA,22602,518436
VA,22603,432700
VA,22610,526780
VA,22611,1890433
VA,22620,694950
VA,22623,342450
VA,22624,432740
VA,22625,440150
VA,22627,2050000
VA,22630,473468
VA,22637,457100
VA,22639,1456639
VA,22640,1204500
VA,22642,516477
VA,22643,799900
VA,22644,1162450
VA,22645,691315
VA,22650,289900
VA,22654,302450
VA,22655,435055
VA,22656,430764
VA,22657,325758
VA,22660,879000
VA,22664,309355
VA,22701,474629
VA,22709,254160
VA,22712,588913
VA,22713,1301000
VA,22714,891300
VA,22715,940000
VA,22716,1302300
VA,22718,1159000
VA,22720,586200
VA,22724,530600
VA,22726,535836
VA,22727,544389
VA,22728,850574
VA,22733,292450
VA,22734,328700
VA,22735,741940
VA,22736,549000
VA,22737,610889
VA,22738,376390
VA,22740,1202600
VA,22741,610000
VA,22742,605722
VA,22743,2500000
VA,22747,1323750
VA,22749,849000
VA,22810,314500
VA,22824,464933
VA,22835,331006
VA,22842,218162
VA,22844,326500
VA,22847,162450
VA,22849,235967
VA,22851,343630
VA,22853,1500000
VA,22942,481058
VA,22960,403330
VA,23002,534907
VA,23005,541309
VA,23009,339685
VA,23011,1095612
VA,23015,418305
VA,23023,100000
VA,23024,794704
VA,23027,247967
VA,23030,774950
VA,23038,575000
VA,23040,428200
VA,23047,267450
VA,23059,557848
VA,23060,426652
VA,23063,592358
VA,23065,345212
VA,23069,548362
VA,23075,223813
VA,23083,274456
VA,23084,339950
VA,23085,379950
VA,23086,322200
VA,23089,599543
VA,23093,507242
VA,23102,570950
VA,23103,650568
VA,23106,389950
VA,23110,205000
VA,23111,521204
VA,23112,440330
VA,23113,723131
VA,23114,415398
VA,23116,543610
VA,23117,508962
VA,23120,608362
VA,23124,434866
VA,23126,249950
VA,23139,568262
VA,23140,510098
VA,23141,374611
VA,23146,900730
VA,23148,337500
VA,23150,272242
VA,23153,478000
VA,23177,220000
VA,23181,356616
VA,23192,672406
VA,23219,444230
VA,23220,762194
VA,23221,1214807
VA,23222,301769
VA,23223,311242
VA,23224,395647
VA,23225,320816
VA,23226,530659
VA,23227,317099
VA,23228,279911
VA,23229,771260
VA,23230,370692
VA,23231,412097
VA,23233,644667
VA,23234,314697
VA,23235,371416
VA,23236,351896
VA,23237,311821
VA,23238,702982
VA,23294,329665
VA,23803,142609
VA,23805,245631
VA,23824,194317
VA,23831,347355
VA,23832,415348
VA,23833,329900
VA,23834,253855
VA,23836,397039
VA,23838,683054
VA,23841,306633
VA,23842,326879
VA,23860,255012
VA,23872,251475
VA,23875,395584
VA,23885,877800
VA,23890,181700
VA,23894,537500
VA,23897,169000
VA,23901,234800
VA,23922,192000
VA,23930,389938
VA,23955,425900
WV,25401,218105
WV,25402,274500
WV,25403,328224
WV,25404,369104
WV,25405,309594
WV,25411,322833
WV,25413,293990
WV,25414,412384
WV,25419,339549
WV,25420,428440
WV,25422,331333
WV,25425,378281
WV,25427,317964
WV,25428,322735
WV,25430,370800
WV,25431,54900
WV,25432,185000
WV,25434,317930
WV,25438,306879
WV,25442,647718
WV,25443,937024
WV,25444,344950
WV,25446,2500000
WV,26704,294156
WV,26710,228667
WV,26711,360817
WV,26714,152500
WV,26717,584450
WV,26719,159900
WV,26720,54900
WV,26726,232729
WV,26739,396000
WV,26750,89000
WV,26753,197715
WV,26755,128700
WV,26757,241046
WV,26761,199900
WV,26763,213700
WV,26767,89900
WV,26801,258462
WV,26808,184633
WV,26810,263940
WV,26812,466475
WV,26833,294900
WV,26836,288491
WV,26845,287475
WV,26847,235829
WV,26851,191333
WV,26852,409250
