ZipCode,cluster
20001,0
20002,0
20003,2
20004,2
20005,2
20006,1
20007,2
20008,2
20009,0
20010,0
20011,0
20012,2
20015,2
20016,2
20017,2
20018,3
20019,0
20020,0
20024,2
20032,0
20036,2
20037,2
20052,1
20057,1
20064,1
20105,2
20106,2
20109,0
20110,0
20111,0
20112,2
20115,2
20117,2
20118,1
20119,2
20120,0
20121,3
20124,2
20129,2
20130,1
20132,2
20135,2
20136,2
20137,2
20139,2
20141,2
20143,2
20144,2
20147,0
20148,2
20151,2
20152,2
20155,2
20158,2
20164,0
20165,2
20166,2
20169,2
20170,0
20171,0
20175,2
20176,0
20180,2
20181,2
20184,2
20186,2
20187,2
20190,2
20191,2
20194,2
20197,2
20198,2
20317,1
20319,1
20373,1
20390,1
20535,1
20601,3
20602,3
20603,2
20606,2
20607,2
20608,1
20609,1
20611,2
20612,1
20613,2
20615,2
20616,2
20617,2
20618,1
20619,2
20620,2
20621,2
20622,2
20623,2
20624,2
20625,2
20626,1
20628,2
20629,1
20630,1
20632,2
20634,2
20636,2
20637,2
20639,2
20640,3
20645,2
20646,2
20650,2
20653,3
20657,3
20658,1
20659,3
20660,1
20662,1
20664,2
20667,1
20670,1
20674,1
20675,2
20676,2
20677,2
20678,2
20680,2
20684,2
20685,2
20686,1
20687,1
20688,2
20689,2
20690,2
20692,2
20693,2
20695,2
20701,1
20705,3
20706,0
20707,0
20708,3
20710,1
20711,2
20712,1
20714,2
20715,2
20716,2
20720,2
20721,2
20722,1
20723,2
20724,2
20732,2
20733,2
20735,0
20736,2
20737,3
20740,3
20742,1
20743,0
20744,0
20745,3
20746,3
20747,0
20748,0
20751,2
20754,2
20755,1
20758,2
20759,2
20762,1
20763,2
20764,2
20765,1
20769,2
20770,3
20772,0
20774,0
20776,2
20777,2
20778,2
20779,2
20781,2
20782,3
20783,0
20784,3
20785,0
20794,2
20812,2
20814,2
20815,2
20816,2
20817,2
20818,2
20832,2
20833,2
20837,2
20838,2
20839,1
20841,2
20842,2
20850,0
20851,2
20852,0
20853,2
20854,0
20855,2
20860,2
20861,2
20862,2
20866,2
20868,2
20871,2
20872,2
20874,0
20876,3
20877,0
20878,0
20879,3
20880,2
20882,2
20886,0
20895,2
20896,2
20899,1
20901,0
20902,0
20903,3
20904,0
20905,2
20906,0
20910,0
20912,3
21001,3
21005,1
21009,3
21010,1
21012,2
21013,2
21014,0
21015,3
21017,1
21028,2
21029,2
21030,3
21031,1
21032,2
21034,2
21035,2
21036,2
21037,2
21040,3
21042,0
21043,0
21044,0
21045,0
21046,2
21047,2
21048,2
21050,2
21051,2
21052,2
21053,2
21054,2
21056,2
21057,2
21060,3
21061,0
21071,2
21074,2
21075,2
21076,2
21077,2
21078,3
21082,2
21084,2
21085,2
21087,2
21090,2
21093,0
21102,2
21104,2
21105,1
21108,2
21111,2
21113,0
21114,2
21117,0
21120,2
21122,0
21128,2
21130,1
21131,2
21132,2
21133,3
21136,0
21140,2
21144,0
21146,2
21152,2
21153,1
21154,2
21155,2
21156,2
21157,0
21158,2
21160,1
21161,2
21162,2
21163,2
21201,3
21202,3
21204,3
21205,3
21206,0
21207,0
21208,0
21209,3
21210,2
21211,3
21212,0
21213,3
21214,3
21215,0
21216,3
21217,0
21218,0
21219,2
21220,0
21221,0
21222,0
21223,3
21224,0
21225,0
21226,2
21227,0
21228,0
21229,0
21230,0
21231,3
21234,0
21236,0
21237,3
21239,3
21244,0
21250,1
21251,1
21252,1
21286,3
21401,0
21402,1
21403,0
21405,2
21409,2
21502,0
21520,1
21521,1
21522,1
21523,1
21524,1
21529,1
21530,1
21531,1
21532,3
21536,1
21538,1
21539,1
21540,1
21541,1
21542,1
21543,1
21545,1
21550,3
21555,1
21557,1
21561,1
21562,1
21601,3
21607,2
21610,1
21612,2
21613,3
21617,2
21619,2
21620,3
21622,1
21623,1
21624,1
21625,2
21626,1
21627,1
21628,1
21629,1
21631,1
21632,1
21634,1
21635,2
21636,1
21638,2
21639,1
21640,1
21641,1
21643,1
21644,1
21645,2
21647,2
21648,1
21649,1
21650,1
21651,1
21652,2
21653,2
21654,2
21655,1
21657,2
21658,2
21659,1
21660,1
21661,1
21662,2
21663,2
21664,1
21665,2
21666,2
21667,1
21668,1
21669,2
21671,1
21672,1
21673,1
21675,1
21676,1
21677,2
21678,1
21679,2
21701,0
21702,0
21703,0
21704,2
21705,1
21710,2
21711,1
21713,2
21714,1
21716,1
21717,1
21718,2
21719,1
21722,1
21723,2
21727,1
21733,2
21734,1
21737,2
21738,2
21740,0
21742,3
21746,1
21750,1
21754,2
21755,2
21756,2
21757,2
21758,2
21762,1
21766,1
21767,1
21769,2
21770,2
21771,2
21773,2
21774,2
21776,2
21777,2
21778,1
21779,2
21780,1
21781,1
21782,1
21783,2
21784,0
21787,3
21788,3
21790,1
21791,2
21793,2
21794,2
21795,1
21797,2
21798,2
21801,3
21802,1
21804,0
21810,2
21811,3
21813,2
21814,2
21817,1
21821,1
21822,1
21824,1
21826,1
21829,1
21830,1
21835,1
21837,1
21838,1
21840,1
21841,2
21842,3
21849,1
21850,1
21851,1
21853,1
21856,1
21861,1
21862,1
21863,1
21864,1
21865,2
21866,1
21867,1
21869,1
21871,1
21872,1
21874,1
21875,1
21890,1
21901,3
21902,1
21903,1
21904,2
21911,3
21912,1
21913,1
21914,1
21915,2
21916,1
21917,2
21918,2
21919,2
21920,1
21921,0
21930,1
22003,0
22015,0
22025,2
22026,2
22027,2
22030,0
22031,2
22032,2
22033,0
22039,2
22041,3
22042,0
22043,2
22044,2
22046,2
22060,2
22066,2
22079,0
22101,2
22102,2
22124,2
22125,2
22134,1
22150,2
22151,2
22152,2
22153,2
22172,2
22180,2
22181,2
22182,2
22191,0
22192,0
22193,0
22201,2
22202,2
22203,2
22204,0
22205,2
22206,2
22207,2
22209,2
22211,2
22213,2
22301,2
22302,2
22303,2
22304,0
22305,2
22306,0
22307,2
22308,2
22309,0
22310,2
22311,2
22312,0
22314,2
22315,2
22401,3
22405,3
22406,2
22407,0
22408,3
22427,1
22432,1
22433,1
22435,1
22436,1
22437,1
22438,1
22443,1
22448,1
22454,1
22460,1
22469,1
22473,1
22476,1
22480,1
22482,1
22485,3
22488,1
22503,1
22504,1
22508,2
22509,1
22511,1
22514,1
22520,1
22529,1
22530,1
22534,1
22535,1
22538,1
22539,2
22542,1
22546,3
22548,1
22551,3
22553,2
22554,0
22556,2
22560,1
22567,1
22572,1
22576,1
22578,1
22579,1
22580,1
22601,3
22602,3
22603,3
22610,1
22611,2
22620,2
22623,2
22624,1
22625,2
22627,2
22630,3
22637,2
22639,1
22640,1
22641,1
22642,2
22643,1
22644,1
22645,1
22646,1
22650,1
22652,1
22654,1
22655,3
22656,2
22657,3
22660,1
22663,1
22664,1
22701,0
22709,1
22711,1
22712,2
22713,2
22714,2
22715,1
22716,1
22718,1
22719,1
22720,2
22722,1
22723,1
22724,2
22726,1
22727,1
22728,2
22729,1
22730,1
22731,1
22732,1
22733,2
22734,1
22735,2
22736,1
22737,1
22738,1
22740,1
22741,1
22742,2
22743,1
22747,2
22749,1
22801,0
22802,3
22807,1
22810,1
22811,1
22812,1
22815,1
22820,1
22821,1
22824,1
22827,1
22830,1
22831,1
22832,1
22834,1
22835,3
22840,1
22841,1
22842,1
22843,1
22844,1
22845,1
22846,1
22847,1
22849,1
22850,1
22851,1
22853,1
22901,0
22902,3
22903,0
22904,1
22911,3
22920,2
22922,1
22923,2
22931,1
22932,2
22935,1
22936,2
22937,1
22938,2
22939,1
22940,1
22942,1
22943,2
22946,1
22947,2
22948,1
22949,1
22952,1
22958,2
22959,1
22960,1
22963,3
22964,1
22967,1
22968,3
22969,1
22971,1
22972,1
22973,1
22974,2
22976,1
22980,3
22989,1
23002,1
23004,1
23005,3
23009,1
23011,2
23015,2
23021,1
23022,1
23023,1
23024,1
23025,2
23027,1
23030,1
23032,1
23035,1
23038,1
23039,2
23040,1
23043,1
23045,1
23047,1
23050,1
23055,1
23056,1
23059,0
23060,0
23061,3
23062,1
23063,1
23064,1
23065,1
23066,2
23068,1
23069,1
23070,1
23071,1
23072,3
23075,1
23076,1
23079,1
23083,1
23084,2
23085,1
23086,1
23089,2
23091,1
23092,1
23093,3
23102,2
23103,2
23106,1
23108,2
23109,1
23110,1
23111,0
23112,0
23113,2
23114,2
23115,1
23116,2
23117,3
23119,1
23120,2
23123,1
23124,2
23125,2
23126,1
23128,1
23129,2
23130,1
23138,1
23139,3
23140,2
23141,2
23146,2
23148,1
23149,1
23150,3
23153,2
23156,1
23160,1
23161,1
23163,1
23168,2
23169,1
23173,1
23175,1
23176,1
23177,1
23180,1
23181,1
23185,0
23187,1
23188,0
23192,2
23219,1
23220,0
23221,2
23222,3
23223,0
23224,3
23225,0
23226,2
23227,3
23228,0
23229,0
23230,1
23231,0
23233,3
23234,0
23235,3
23236,3
23237,3
23238,3
23294,3
23301,1
23302,2
23303,1
23304,1
23306,1
23307,1
23308,1
23310,1
23313,1
23314,2
23315,1
23316,1
23320,0
23321,0
23322,0
23323,0
23324,3
23325,3
23336,1
23337,1
23347,1
23350,1
23354,2
23356,1
23357,1
23358,1
23359,1
23389,1
23395,1
23398,1
23401,1
23405,1
23407,1
23408,1
23409,2
23410,1
23413,1
23414,1
23415,1
23416,1
23417,1
23418,1
23420,1
23421,1
23422,1
23423,1
23426,1
23427,1
23430,3
23432,2
23433,2
23434,0
23435,3
23436,2
23437,1
23438,1
23440,1
23441,1
23442,1
23451,0
23452,0
23453,0
23454,0
23455,0
23456,0
23457,2
23459,1
23460,1
23461,1
23462,0
23464,0
23480,1
23486,1
23487,1
23488,1
23502,3
23503,3
23504,3
23505,3
23507,3
23508,3
23509,3
23510,1
23511,1
23513,3
23517,1
23518,3
23523,1
23551,1
23601,3
23602,0
23603,1
23604,1
23605,3
23606,3
23607,3
23608,0
23651,1
23661,3
23662,2
23663,3
23664,3
23665,1
23666,0
23669,0
23690,1
23691,1
23692,3
23693,2
23696,2
23701,3
23702,1
23703,3
23704,3
23707,3
23708,1
23709,1
23801,1
23803,0
23805,3
23806,1
23821,1
23824,1
23827,1
23828,1
23829,2
23830,2
23831,0
23832,0
23833,1
23834,3
23836,2
23837,1
23838,2
23839,1
23840,1
23841,1
23842,2
23843,1
23844,1
23845,1
23846,1
23847,3
23850,1
23851,3
23856,1
23857,1
23860,3
23866,1
23867,1
23868,1
23872,1
23874,1
23875,3
23876,1
23878,1
23879,1
23881,1
23882,1
23883,1
23884,1
23885,1
23887,1
23888,1
23889,1
23890,1
23891,1
23893,1
23894,2
23897,1
23898,1
23899,1
23901,3
23909,1
23915,1
23917,1
23919,1
23920,1
23921,1
23922,1
23923,1
23924,1
23927,1
23930,1
23934,1
23936,1
23937,1
23938,1
23942,1
23943,1
23944,1
23947,1
23950,1
23952,1
23954,1
23958,1
23959,1
23960,1
23962,1
23963,1
23964,1
23966,1
23967,1
23968,1
23970,1
23974,1
23976,1
24011,2
24012,3
24013,1
24014,3
24015,3
24016,1
24017,3
24018,0
24019,3
24020,1
24053,1
24054,1
24055,3
24058,1
24059,1
24060,0
24064,1
24065,1
24066,1
24067,1
24069,1
24070,1
24072,1
24073,3
24076,1
24077,1
24078,1
24079,1
24082,1
24083,2
24084,1
24085,1
24086,1
24087,1
24088,1
24089,1
24090,2
24091,1
24092,1
24093,1
24095,1
24101,1
24102,1
24104,1
24105,1
24112,3
24120,1
24121,3
24122,1
24124,1
24127,1
24128,1
24130,1
24131,1
24132,1
24133,1
24134,1
24136,1
24137,1
24138,1
24139,1
24141,3
24142,1
24147,1
24148,1
24149,1
24150,1
24151,3
24153,0
24161,1
24162,1
24165,1
24167,1
24168,1
24171,1
24174,1
24175,2
24176,2
24179,3
24184,1
24185,1
24201,3
24202,3
24210,3
24211,1
24216,1
24217,1
24219,1
24220,1
24221,1
24224,1
24225,1
24226,1
24228,1
24230,1
24236,1
24237,1
24239,1
24243,1
24244,1
24245,1
24246,1
24248,1
24250,1
24251,1
24256,1
24258,1
24260,1
24263,1
24265,1
24266,1
24269,1
24270,1
24271,1
24272,1
24273,1
24277,1
24279,1
24280,1
24281,1
24282,1
24283,1
24290,1
24292,1
24293,1
24301,3
24311,1
24312,1
24313,1
24314,1
24315,1
24316,1
24317,1
24318,1
24319,1
24322,1
24323,1
24324,1
24325,1
24326,1
24328,1
24330,1
24333,3
24340,1
24343,1
24347,1
24348,1
24350,1
24351,1
24352,1
24354,3
24360,1
24361,1
24363,1
24366,1
24368,1
24370,1
24374,1
24375,1
24377,1
24378,1
24380,1
24381,1
24382,3
24401,0
24411,1
24412,1
24413,1
24415,1
24416,1
24421,1
24422,1
24426,3
24430,1
24431,1
24432,1
24433,1
24435,1
24437,1
24439,1
24440,1
24441,1
24442,1
24445,1
24448,1
24450,3
24457,1
24458,1
24459,1
24460,1
24464,1
24465,1
24467,2
24471,1
24472,1
24473,1
24474,1
24476,1
24477,3
24479,1
24482,1
24483,1
24484,1
24485,1
24486,1
24487,1
24501,3
24502,0
24503,3
24504,1
24517,1
24520,1
24521,1
24522,1
24523,3
24526,1
24527,1
24528,1
24529,1
24530,1
24531,1
24534,1
24536,2
24538,1
24539,1
24540,3
24541,3
24549,1
24550,1
24551,3
24553,1
24554,1
24555,1
24556,1
24557,1
24558,1
24562,1
24563,1
24565,1
24566,1
24569,1
24570,1
24571,1
24572,3
24574,1
24577,1
24578,1
24579,1
24580,1
24581,1
24586,1
24588,1
24589,1
24590,1
24592,3
24593,1
24594,1
24595,2
24597,1
24598,1
24599,1
24601,1
24602,1
24603,1
24604,1
24605,1
24606,1
24607,1
24609,1
24612,1
24613,1
24614,1
24620,1
24622,1
24628,1
24630,1
24631,1
24634,1
24635,1
24637,1
24639,1
24641,1
24646,1
24649,1
24651,1
24656,1
24657,1
24701,3
24712,1
24714,1
24715,1
24716,1
24719,1
24724,1
24726,1
24729,1
24731,1
24733,1
24736,1
24737,1
24738,1
24740,3
24747,1
24801,1
24808,1
24811,1
24813,1
24815,1
24816,1
24817,1
24818,1
24822,1
24823,1
24826,1
24827,1
24828,1
24830,1
24831,1
24834,1
24836,1
24839,1
24843,1
24844,1
24845,1
24846,1
24847,1
24848,1
24849,1
24850,1
24851,1
24853,1
24854,1
24857,1
24860,1
24861,1
24862,1
24866,1
24867,1
24868,1
24869,1
24870,1
24871,1
24872,1
24873,1
24874,1
24878,1
24879,1
24880,1
24881,1
24882,1
24884,1
24887,1
24888,1
24892,1
24894,1
24898,1
24901,1
24910,1
24915,1
24916,1
24918,1
24920,1
24924,1
24925,1
24927,1
24931,1
24934,1
24935,1
24938,1
24941,1
24944,1
24945,1
24946,1
24951,1
24954,1
24957,1
24962,1
24963,1
24966,1
24970,1
24974,1
24976,1
24977,1
24981,1
24983,1
24984,1
24986,1
24991,1
25002,1
25003,1
25005,1
25007,1
25008,1
25009,1
25011,1
25015,1
25019,1
25021,1
25022,1
25024,1
25025,1
25028,1
25030,1
25031,1
25033,1
25035,1
25036,1
25039,1
25040,1
25043,1
25044,1
25045,1
25047,1
25048,1
25049,1
25051,1
25053,1
25054,1
25057,1
25059,1
25060,1
25061,1
25062,1
25063,1
25064,1
25067,1
25070,1
25071,1
25075,1
25076,1
25081,1
25082,1
25083,1
25085,1
25086,1
25088,1
25090,1
25093,1
25102,1
25103,1
25106,1
25107,1
25108,1
25109,1
25110,1
25111,1
25112,1
25113,1
25114,1
25115,1
25118,1
25119,1
25121,1
25123,1
25124,1
25125,1
25126,1
25130,1
25132,1
25133,1
25134,1
25136,1
25139,1
25140,1
25141,1
25142,1
25143,1
25148,1
25149,1
25152,1
25154,1
25156,1
25159,1
25160,1
25161,1
25162,1
25164,1
25165,1
25168,1
25169,1
25173,1
25174,1
25177,3
25180,1
25181,1
25183,1
25185,1
25186,1
25187,1
25193,1
25201,1
25202,1
25203,1
25204,1
25205,1
25206,1
25208,1
25209,1
25211,1
25213,1
25214,1
25234,1
25235,1
25239,1
25241,1
25243,1
25244,1
25245,1
25247,1
25248,1
25251,1
25252,1
25253,1
25259,1
25260,1
25261,1
25262,1
25264,1
25265,1
25266,1
25267,1
25268,1
25270,1
25271,1
25275,1
25276,1
25285,1
25286,1
25287,1
25301,1
25302,3
25303,1
25304,1
25306,1
25309,3
25311,1
25312,3
25313,3
25314,3
25315,1
25320,1
25401,3
25403,3
25404,3
25405,3
25411,3
25413,1
25414,3
25419,1
25420,1
25422,1
25425,3
25427,3
25428,3
25430,1
25431,1
25432,1
25434,1
25437,1
25438,1
25442,2
25443,2
25444,1
25446,2
25501,1
25502,1
25503,1
25504,3
25505,1
25506,1
25507,1
25508,1
25510,1
25511,1
25512,1
25514,1
25515,1
25517,1
25520,1
25521,1
25523,1
25524,1
25526,3
25529,1
25530,1
25534,1
25535,1
25537,1
25540,1
25541,1
25545,1
25547,1
25550,1
25555,1
25557,1
25559,1
25560,2
25564,1
25565,1
25567,1
25570,1
25571,1
25573,1
25601,1
25606,1
25607,1
25608,1
25611,1
25617,1
25621,1
25624,1
25625,1
25628,1
25630,1
25632,1
25634,1
25635,1
25637,1
25638,1
25639,1
25644,1
25646,1
25647,1
25649,1
25650,1
25651,1
25652,1
25653,1
25654,1
25661,1
25666,1
25669,1
25670,1
25671,1
25672,1
25674,1
25676,1
25678,1
25688,1
25690,1
25692,1
25696,1
25699,1
25701,3
25702,1
25703,1
25704,3
25705,3
25801,0
25810,1
25811,1
25812,1
25813,1
25817,1
25818,1
25820,1
25823,1
25825,1
25826,1
25827,1
25831,1
25832,1
25836,1
25837,1
25839,1
25840,1
25841,1
25843,1
25844,1
25845,1
25846,1
25848,1
25849,1
25853,1
25854,1
25855,1
25857,1
25862,1
25864,1
25865,1
25868,1
25870,1
25871,1
25873,1
25875,1
25876,1
25878,1
25879,1
25880,1
25882,1
25901,1
25902,1
25904,1
25906,1
25907,1
25908,1
25911,1
25913,1
25915,1
25916,1
25917,1
25918,1
25920,1
25921,1
25922,1
25928,1
25932,1
25936,1
25938,1
25942,1
25951,1
25958,1
25962,1
25969,1
25971,1
25972,1
25976,1
25977,1
25978,1
25979,1
25981,1
25984,1
25985,1
25989,1
26003,0
26030,1
26031,1
26032,1
26033,1
26034,1
26035,1
26036,2
26037,1
26038,1
26039,1
26040,1
26041,3
26047,1
26050,1
26055,1
26056,1
26059,1
26060,1
26062,3
26070,1
26074,1
26075,1
26101,3
26104,3
26105,3
26133,1
26134,1
26136,1
26137,1
26138,1
26141,1
26142,1
26143,1
26146,1
26147,1
26148,1
26149,1
26150,1
26151,1
26152,1
26155,1
26159,1
26160,1
26161,1
26164,1
26167,1
26169,1
26170,1
26175,1
26178,1
26180,1
26181,1
26184,1
26187,1
26201,3
26202,1
26203,1
26205,1
26206,1
26208,1
26209,1
26215,1
26217,1
26218,1
26222,1
26224,1
26228,1
26230,1
26234,1
26236,1
26237,1
26238,1
26241,3
26250,1
26253,1
26254,1
26257,1
26259,1
26260,1
26261,1
26263,1
26264,1
26266,1
26267,1
26268,1
26269,1
26270,1
26271,1
26273,1
26275,1
26276,1
26278,1
26280,1
26282,1
26283,1
26285,1
26287,1
26288,1
26291,1
26292,1
26293,1
26294,1
26296,1
26298,1
26301,3
26320,1
26321,1
26323,1
26325,1
26327,1
26330,3
26335,1
26337,1
26338,1
26339,1
26342,1
26343,1
26346,1
26347,1
26348,1
26349,1
26351,1
26354,1
26361,1
26362,1
26366,1
26369,1
26372,1
26374,1
26376,1
26377,1
26378,1
26384,1
26385,1
26386,1
26404,1
26405,1
26408,1
26410,1
26411,1
26412,1
26415,1
26416,1
26419,1
26421,1
26422,1
26424,1
26425,1
26426,1
26430,1
26431,1
26435,1
26436,1
26437,1
26438,1
26440,1
26443,1
26444,1
26447,1
26448,1
26451,1
26452,1
26456,1
26501,3
26505,0
26508,3
26519,1
26520,1
26521,1
26525,1
26534,1
26537,1
26541,1
26542,1
26543,1
26547,1
26554,0
26559,1
26560,1
26562,1
26563,1
26568,1
26570,1
26571,1
26572,1
26574,1
26575,1
26576,1
26581,1
26582,1
26585,1
26586,1
26587,1
26588,1
26590,1
26591,1
26601,1
26610,1
26611,1
26615,1
26617,1
26619,1
26621,1
26623,1
26624,1
26627,1
26629,1
26631,1
26636,1
26638,1
26651,1
26656,1
26660,1
26662,1
26676,1
26678,1
26679,1
26680,1
26681,1
26684,1
26690,1
26691,1
26704,1
26705,1
26707,1
26710,1
26711,1
26714,1
26716,1
26717,1
26719,1
26720,1
26722,1
26726,3
26731,1
26739,1
26743,1
26750,1
26753,1
26755,1
26757,1
26761,1
26763,1
26764,1
26767,1
26801,1
26802,1
26804,1
26807,1
26808,1
26810,1
26812,1
26814,1
26815,1
26817,1
26818,1
26823,1
26833,1
26836,1
26845,1
26847,1
26851,1
26852,1
26855,1
26865,1
26866,1
26884,1
27006,3
27007,1
27009,2
27011,1
27012,3
27013,1
27014,1
27016,1
27017,1
27018,1
27019,1
27020,1
27021,3
27022,1
27023,3
27024,1
27025,1
27027,1
27028,3
27030,0
27040,3
27041,1
27042,1
27043,1
27045,1
27046,1
27047,1
27048,1
27050,1
27051,1
27052,1
27053,1
27054,1
27055,3
27101,3
27103,0
27104,3
27105,0
27106,0
27107,0
27109,1
27110,1
27127,0
27201,1
27203,3
27205,0
27207,1
27208,1
27209,1
27212,1
27214,3
27215,0
27217,0
27229,1
27231,1
27233,1
27235,2
27239,1
27242,1
27243,1
27244,3
27248,1
27249,3
27252,1
27253,3
27258,1
27260,3
27262,3
27263,3
27265,0
27278,3
27281,1
27282,3
27283,1
27284,0
27288,3
27291,1
27292,0
27295,0
27298,1
27299,1
27301,1
27302,3
27305,1
27306,1
27310,2
27311,1
27312,3
27313,1
27314,1
27315,1
27316,1
27317,3
27320,0
27325,1
27326,1
27330,0
27332,3
27340,1
27341,1
27343,1
27344,3
27349,1
27350,1
27355,1
27356,1
27357,1
27358,2
27360,0
27370,3
27371,1
27376,1
27377,1
27379,1
27401,3
27403,3
27405,0
27406,0
27407,0
27408,3
27409,3
27410,0
27455,3
27501,3
27502,0
27503,2
27504,3
27505,1
27507,1
27508,1
27509,1
27510,3
27511,0
27513,0
27514,0
27516,0
27517,3
27518,2
27519,0
27520,0
27521,1
27522,3
27523,2
27524,3
27525,3
27526,0
27527,3
27529,0
27530,0
27531,1
27534,3
27536,3
27537,3
27539,2
27540,0
27541,1
27542,1
27544,1
27545,3
27546,3
27549,3
27551,1
27553,1
27555,1
27556,1
27557,1
27559,1
27560,3
27562,1
27563,1
27565,3
27568,1
27569,1
27571,2
27572,1
27573,1
27574,3
27576,3
27577,3
27581,1
27582,1
27583,1
27587,0
27589,1
27591,3
27592,3
27596,3
27597,3
27601,1
27603,0
27604,0
27605,1
27606,0
27607,3
27608,2
27609,0
27610,0
27612,0
27613,0
27614,0
27615,0
27616,0
27617,3
27701,3
27703,0
27704,0
27705,0
27707,0
27709,2
27712,3
27713,0
27801,3
27803,3
27804,3
27805,1
27806,1
27807,1
27808,1
27809,1
27810,1
27812,1
27813,1
27814,1
27816,1
27817,1
27818,1
27819,1
27820,1
27821,1
27822,1
27823,1
27824,1
27825,1
27826,1
27827,1
27828,1
27829,1
27830,1
27831,1
27832,1
27834,0
27837,1
27839,1
27840,1
27841,1
27842,1
27843,1
27844,1
27845,1
27846,1
27847,1
27849,1
27850,1
27851,1
27852,1
27853,1
27855,1
27856,3
27857,1
27858,0
27860,1
27861,1
27862,1
27863,3
27864,1
27865,1
27866,1
27869,1
27870,3
27871,1
27872,1
27873,1
27874,1
27875,1
27876,1
27878,1
27879,1
27880,1
27881,1
27882,1
27883,1
27884,1
27885,1
27886,3
27888,1
27889,3
27890,1
27891,1
27892,3
27893,0
27896,3
27897,1
27909,0
27910,1
27915,1
27916,1
27917,1
27919,1
27920,1
27921,1
27922,1
27923,1
27924,1
27925,1
27926,1
27927,2
27928,1
27929,2
27932,3
27935,1
27936,1
27937,1
27938,1
27939,1
27941,1
27942,1
27943,2
27944,3
27946,1
27947,1
27948,3
27949,2
27950,1
27953,1
27954,1
27956,1
27957,1
27958,2
27959,1
27960,1
27962,1
27964,1
27965,1
27966,1
27967,1
27968,1
27970,1
27972,1
27973,1
27974,1
27976,1
27978,1
27979,1
27980,1
27981,1
27982,1
27983,1
27985,1
27986,1
28001,3
28006,1
28007,1
28009,1
28012,3
28016,3
28017,1
28018,1
28019,1
28020,1
28021,3
28023,3
28025,0
28027,0
28031,3
28032,1
28033,1
28034,3
28036,2
28037,3
28039,1
28040,1
28043,3
28052,0
28054,0
28056,3
28071,1
28072,1
28073,1
28075,2
28076,1
28077,1
28078,0
28079,0
28080,1
28081,3
28083,3
28086,3
28088,1
28089,1
28090,1
28091,1
28092,0
28097,1
28098,1
28101,2
28102,1
28103,1
28104,3
28105,0
28107,2
28108,1
28109,1
28110,0
28112,3
28114,1
28115,0
28117,0
28119,1
28120,3
28124,1
28125,1
28127,1
28128,1
28129,1
28133,1
28134,1
28135,1
28137,1
28138,1
28139,3
28144,3
28146,3
28147,3
28150,3
28152,3
28159,1
28160,1
28163,1
28164,3
28166,1
28167,1
28168,1
28169,1
28170,1
28173,0
28174,1
28202,2
28203,2
28204,1
28205,0
28206,1
28207,2
28208,0
28209,3
28210,0
28211,3
28212,0
28213,0
28214,0
28215,0
28216,0
28217,3
28226,0
28227,0
28262,0
28269,0
28270,0
28273,3
28277,0
28278,3
28280,1
28301,3
28303,3
28304,0
28305,1
28306,0
28307,3
28308,1
28310,1
28311,0
28312,3
28314,0
28315,1
28318,1
28320,1
28323,1
28325,1
28326,3
28327,3
28328,3
28330,1
28332,1
28333,1
28334,3
28337,1
28338,1
28339,1
28340,1
28341,1
28342,1
28343,1
28344,1
28345,1
28347,1
28348,0
28349,1
28350,1
28351,1
28352,3
28356,1
28357,1
28358,0
28360,3
28363,1
28364,3
28365,3
28366,1
28367,1
28369,1
28371,1
28372,3
28373,1
28374,3
28375,1
28376,0
28377,1
28379,3
28382,1
28383,1
28384,1
28385,1
28386,1
28387,3
28390,3
28391,1
28392,1
28393,1
28394,1
28395,1
28396,1
28398,1
28399,1
28401,3
28403,0
28405,3
28409,0
28411,0
28412,0
28420,1
28421,1
28422,1
28423,1
28424,1
28425,1
28428,2
28429,1
28430,1
28431,1
28432,1
28433,1
28434,1
28435,1
28436,1
28438,1
28439,1
28441,1
28442,1
28443,3
28444,1
28445,1
28447,1
28448,1
28449,2
28450,1
28451,3
28452,1
28453,1
28454,1
28455,1
28456,1
28457,1
28458,1
28460,1
28461,3
28462,1
28463,1
28464,1
28465,1
28466,1
28467,1
28468,1
28469,1
28470,1
28472,3
28478,1
28479,1
28480,2
28501,3
28504,3
28508,1
28510,1
28511,1
28512,1
28513,1
28515,1
28516,1
28518,1
28519,1
28520,1
28521,1
28523,1
28524,1
28525,1
28526,1
28527,1
28528,1
28529,1
28530,1
28531,1
28532,3
28533,1
28537,1
28538,1
28539,3
28540,0
28543,1
28544,1
28546,0
28547,3
28551,3
28552,1
28553,2
28554,1
28555,1
28556,1
28557,3
28560,3
28562,0
28570,3
28571,1
28572,1
28573,1
28574,3
28575,1
28577,1
28578,1
28579,1
28580,1
28581,1
28582,1
28583,1
28584,3
28585,1
28586,1
28587,1
28589,1
28590,3
28594,2
28601,0
28602,3
28604,1
28605,1
28606,1
28607,0
28609,1
28610,1
28611,1
28612,1
28613,3
28615,1
28616,1
28617,1
28618,1
28619,1
28621,1
28622,1
28623,1
28624,1
28625,0
28626,1
28627,1
28628,1
28629,1
28630,3
28631,1
28634,1
28635,1
28636,1
28637,1
28638,3
28640,1
28642,1
28643,1
28644,1
28645,0
28646,1
28647,1
28649,1
28650,1
28651,1
28652,1
28654,1
28655,0
28657,1
28658,3
28659,3
28660,1
28662,1
28663,1
28665,1
28666,1
28667,1
28668,2
28669,1
28670,1
28671,1
28672,1
28673,2
28675,1
28676,1
28677,3
28678,1
28679,1
28681,3
28682,2
28683,1
28684,1
28685,1
28689,1
28690,1
28692,1
28693,1
28694,1
28697,3
28698,1
28701,1
28702,1
28704,3
28705,1
28707,1
28708,1
28709,1
28711,3
28712,3
28713,1
28714,3
28715,3
28716,3
28717,1
28718,1
28719,1
28720,1
28721,1
28722,1
28723,1
28725,1
28726,1
28729,1
28730,1
28731,1
28732,3
28733,1
28734,3
28735,1
28736,1
28739,3
28740,1
28741,2
28742,1
28743,1
28745,1
28746,1
28747,1
28748,1
28749,1
28751,1
28752,3
28753,1
28754,1
28756,1
28757,2
28759,1
28761,1
28762,1
28763,1
28766,1
28768,1
28771,1
28772,1
28773,1
28774,1
28775,1
28777,1
28778,1
28779,3
28781,1
28782,1
28783,1
28785,1
28786,3
28787,3
28789,1
28790,1
28791,3
28792,3
28801,3
28803,3
28804,3
28805,3
28806,0
28901,1
28902,1
28904,1
28905,1
28906,3
28909,1
29001,1
29003,1
29006,1
29009,1
29010,1
29014,1
29015,1
29016,3
29018,1
29020,3
29030,1
29031,1
29032,1
29033,1
29036,3
29037,1
29038,1
29039,1
29040,1
29042,1
29044,1
29045,3
29046,1
29047,1
29048,1
29051,1
29052,1
29053,3
29054,1
29055,1
29056,1
29058,1
29059,1
29061,3
29062,1
29063,0
29065,1
29067,1
29069,1
29070,3
29072,0
29073,0
29074,1
29075,1
29078,3
29079,1
29080,1
29081,1
29082,1
29101,1
29102,3
29104,1
29105,1
29107,1
29108,3
29111,1
29112,1
29113,1
29114,1
29115,3
29117,1
29118,3
29122,1
29123,1
29125,1
29126,1
29127,1
29128,1
29129,1
29130,1
29133,1
29135,1
29137,1
29138,1
29142,1
29145,1
29146,1
29148,1
29150,0
29152,1
29153,3
29154,3
29160,1
29161,1
29162,1
29163,1
29164,1
29166,1
29168,1
29169,3
29170,3
29172,1
29175,1
29178,1
29180,3
29201,3
29202,1
29203,0
29204,3
29205,3
29206,3
29207,1
29208,1
29209,0
29210,0
29212,3
29223,0
29225,1
29229,0
29301,3
29302,3
29303,3
29306,3
29307,3
29316,3
29320,1
29321,1
29322,1
29323,3
29324,1
29325,3
29329,1
29330,1
29331,1
29332,1
29333,1
29334,3
29335,1
29338,1
29340,3
29341,3
29346,1
29349,3
29351,1
29353,1
29355,1
29356,1
29360,3
29364,1
29365,1
29368,1
29369,3
29370,1
29372,1
29373,1
29374,1
29375,1
29376,1
29377,1
29378,1
29379,3
29384,1
29385,1
29388,3
29401,2
29403,3
29404,1
29405,3
29406,3
29407,0
29409,1
29410,3
29412,0
29414,0
29418,3
29420,3
29423,1
29424,1
29426,1
29429,1
29431,1
29432,1
29434,1
29435,1
29436,1
29437,1
29438,1
29439,2
29440,3
29445,0
29446,1
29448,1
29449,1
29450,1
29451,2
29452,1
29453,1
29455,3
29456,3
29458,1
29461,3
29464,0
29466,2
29468,1
29469,2
29470,1
29471,1
29472,1
29474,1
29475,1
29477,1
29479,1
29481,1
29482,2
29483,0
29485,0
29487,1
29488,3
29492,2
29493,1
29501,0
29505,3
29506,3
29510,1
29511,1
29512,3
29516,1
29518,1
29519,1
29520,3
29525,1
29526,0
29527,3
29530,1
29532,3
29536,3
29540,1
29541,1
29543,1
29544,1
29545,1
29546,1
29547,1
29550,3
29554,1
29555,1
29556,1
29560,3
29563,1
29564,1
29565,1
29566,3
29567,1
29568,1
29569,3
29570,1
29571,3
29572,1
29574,1
29575,3
29576,3
29577,3
29579,3
29580,1
29581,1
29582,3
29583,1
29584,1
29585,3
29588,0
29590,1
29591,1
29592,1
29593,1
29594,1
29596,1
29601,1
29605,0
29607,0
29609,3
29611,3
29613,1
29614,1
29615,0
29617,3
29620,1
29621,0
29624,3
29625,3
29626,3
29627,3
29628,1
29630,3
29631,3
29634,1
29635,1
29638,1
29639,1
29640,3
29642,3
29643,1
29644,3
29645,1
29646,3
29649,3
29650,0
29651,0
29653,1
29654,1
29655,1
29657,3
29658,1
29659,1
29661,1
29662,3
29664,1
29665,1
29666,1
29667,1
29669,3
29670,1
29671,3
29672,3
29673,3
29676,1
29678,3
29680,3
29681,0
29682,1
29683,1
29684,1
29685,1
29686,1
29687,0
29689,1
29690,3
29691,1
29692,1
29693,3
29696,1
29697,3
29702,1
29704,1
29706,3
29707,3
29708,2
29709,1
29710,3
29712,1
29714,1
29715,3
29717,1
29718,1
29720,0
29724,1
29726,1
29727,1
29728,1
29729,1
29730,0
29732,0
29733,1
29741,1
29742,1
29743,1
29745,3
29801,3
29803,0
29805,1
29809,1
29810,1
29812,1
29816,1
29817,1
29819,1
29821,1
29824,1
29826,1
29827,1
29828,1
29829,1
29831,1
29832,1
29834,1
29835,1
29836,1
29838,1
29840,1
29841,3
29842,1
29843,1
29844,1
29845,1
29847,1
29848,1
29849,1
29850,1
29851,1
29853,1
29856,1
29860,3
29899,1
29902,3
29904,1
29905,1
29906,3
29907,3
29909,3
29910,0
29911,1
29912,1
29915,2
29916,1
29918,1
29920,1
29921,1
29922,1
29923,1
29924,1
29926,3
29927,1
29928,2
29929,1
29932,1
29934,1
29935,1
29936,3
29939,1
29940,1
29941,1
29943,1
29944,1
29945,1
30002,1
30004,0
30005,0
30008,3
30009,2
30011,3
30012,3
30013,3
30014,0
30016,0
30017,2
30019,0
30021,3
30022,0
30024,0
30025,1
30028,3
30030,3
30032,0
30033,0
30034,0
30035,3
30038,0
30039,0
30040,0
30041,0
30043,0
30044,0
30045,0
30046,0
30047,0
30052,0
30054,3
30055,1
30056,1
30058,0
30060,0
30062,0
30064,0
30066,0
30067,0
30068,0
30070,1
30071,3
30072,1
30075,0
30076,0
30078,0
30079,1
30080,0
30082,3
30083,0
30084,0
30087,0
30088,3
30092,0
30093,0
30094,3
30096,0
30097,0
30101,0
30102,0
30103,3
30104,1
30105,1
30106,3
30107,3
30108,1
30110,3
30113,1
30114,0
30115,0
30116,3
30117,0
30118,1
30120,0
30121,3
30122,3
30124,1
30125,3
30126,0
30127,0
30132,0
30134,0
30135,0
30137,1
30139,1
30141,3
30143,3
30144,0
30145,1
30147,1
30148,1
30149,1
30152,0
30153,3
30157,0
30161,0
30164,1
30165,0
30168,3
30170,1
30171,1
30173,1
30175,1
30176,1
30177,1
30178,1
30179,3
30180,0
30182,1
30183,2
30184,1
30185,1
30187,1
30188,0
30189,0
30204,3
30205,2
30206,1
30213,3
30214,3
30215,0
30216,1
30217,1
30218,1
30220,1
30222,1
30223,0
30224,3
30228,0
30230,1
30233,3
30234,1
30236,0
30238,0
30240,3
30241,3
30248,3
30250,1
30251,1
30252,0
30253,0
30256,1
30257,1
30258,1
30259,1
30260,3
30263,0
30265,0
30268,1
30269,0
30273,3
30274,3
30275,1
30276,3
30277,3
30281,0
30284,1
30285,1
30286,3
30288,1
30289,1
30290,2
30291,3
30292,1
30293,1
30294,0
30295,1
30296,3
30297,3
30303,1
30305,2
30306,2
30307,2
30308,3
30309,3
30310,3
30311,3
30312,3
30313,1
30314,3
30315,3
30316,3
30317,2
30318,0
30319,0
30322,1
30324,3
30326,2
30327,2
30328,0
30329,3
30331,0
30332,1
30334,1
30336,1
30337,1
30338,0
30339,3
30340,3
30341,0
30342,0
30344,3
30345,3
30346,2
30349,0
30350,0
30354,3
30360,3
30363,1
30401,1
30410,1
30411,1
30412,1
30413,1
30415,1
30417,1
30420,1
30421,1
30423,1
30425,1
30426,1
30427,3
30428,1
30429,1
30434,1
30436,1
30438,1
30439,1
30441,1
30442,1
30445,1
30446,1
30448,1
30449,1
30450,1
30451,1
30452,1
30453,1
30454,1
30455,1
30456,1
30457,1
30458,0
30460,1
30461,3
30464,1
30467,1
30470,1
30471,1
30473,1
30474,3
30475,1
30477,1
30501,3
30504,3
30506,0
30507,3
30510,1
30511,1
30512,3
30513,1
30516,1
30517,2
30518,0
30519,0
30520,1
30521,1
30522,1
30523,3
30525,1
30527,1
30528,3
30529,1
30530,1
30531,1
30533,3
30534,3
30535,1
30536,1
30537,1
30538,1
30540,3
30541,1
30542,0
30543,1
30545,1
30546,1
30547,1
30548,2
30549,3
30552,1
30553,1
30554,1
30555,1
30557,1
30558,1
30559,1
30560,1
30562,1
30563,1
30564,1
30565,1
30566,1
30567,1
30568,1
30571,1
30572,1
30573,1
30575,1
30576,1
30577,3
30581,1
30582,1
30601,3
30602,1
30605,0
30606,0
30607,1
30609,1
30619,1
30620,3
30621,2
30622,3
30623,1
30624,1
30625,1
30627,1
30628,1
30629,1
30630,1
30631,1
30633,1
30634,1
30635,3
30641,1
30642,3
30643,3
30646,1
30648,1
30650,3
30655,3
30656,3
30660,1
30662,1
30663,1
30664,1
30665,1
30666,1
30667,1
30668,1
30669,1
30673,1
30677,3
30678,1
30680,0
30683,1
30701,0
30705,0
30707,3
30708,2
30710,1
30711,1
30720,3
30721,0
30725,1
30726,1
30728,3
30730,1
30731,1
30733,1
30734,1
30735,1
30736,0
30738,1
30739,1
30740,1
30741,3
30742,1
30746,1
30747,3
30750,1
30751,1
30752,1
30753,1
30755,1
30756,1
30757,1
30802,1
30803,1
30805,1
30807,1
30808,1
30809,0
30810,1
30812,1
30813,3
30814,1
30815,0
30816,1
30817,1
30818,1
30820,1
30821,1
30822,1
30823,1
30824,3
30828,1
30830,3
30833,1
30901,3
30903,1
30904,3
30905,1
30906,0
30907,0
30909,0
30912,1
31001,1
31002,1
31003,1
31005,3
31006,1
31007,1
31008,3
31009,1
31011,1
31012,1
31014,3
31015,3
31016,1
31017,1
31018,1
31019,1
31020,1
31021,3
31022,1
31023,3
31024,3
31025,1
31027,1
31028,1
31029,3
31030,3
31031,1
31032,3
31033,1
31035,1
31036,3
31037,1
31038,1
31039,1
31041,1
31042,1
31044,1
31045,1
31046,1
31047,2
31049,1
31050,1
31051,1
31052,1
31054,1
31055,1
31057,1
31058,1
31060,1
31061,0
31062,1
31063,1
31064,1
31065,1
31066,1
31067,1
31068,1
31069,3
31070,1
31071,1
31072,1
31075,1
31076,1
31077,1
31078,1
31079,1
31081,1
31082,1
31083,1
31084,1
31085,1
31087,1
31088,0
31089,1
31090,1
31091,1
31092,1
31093,3
31094,1
31096,1
31097,1
31098,1
31201,1
31204,3
31206,3
31207,1
31210,3
31211,3
31216,3
31217,3
31220,3
31301,1
31302,1
31303,1
31304,1
31305,1
31307,1
31308,1
31309,1
31312,3
31313,0
31314,1
31315,1
31316,1
31318,1
31320,1
31321,1
31322,3
31323,1
31324,3
31326,3
31327,1
31328,2
31329,1
31331,1
31401,3
31404,3
31405,0
31406,0
31407,1
31408,1
31409,1
31410,3
31411,2
31415,1
31419,0
31501,3
31503,3
31510,1
31512,1
31513,3
31516,3
31518,1
31519,1
31520,3
31522,2
31523,3
31525,3
31527,1
31532,1
31533,3
31535,1
31537,1
31539,3
31542,1
31543,1
31544,1
31545,3
31546,1
31547,1
31548,3
31549,1
31550,1
31551,1
31552,1
31553,1
31554,1
31555,1
31556,1
31557,1
31558,3
31560,1
31561,1
31562,1
31563,1
31565,1
31566,1
31567,1
31568,1
31569,1
31601,3
31602,0
31605,3
31606,1
31620,1
31622,1
31623,1
31624,1
31625,1
31626,1
31627,1
31629,1
31630,1
31631,1
31632,3
31634,1
31635,1
31636,1
31637,1
31638,1
31639,1
31641,1
31642,1
31643,1
31645,1
31647,1
31648,1
31649,1
31650,1
31698,1
31699,1
31701,3
31705,0
31707,3
31709,3
31711,1
31712,1
31714,1
31716,1
31719,1
31720,1
31721,3
31722,1
31730,1
31733,1
31735,1
31738,1
31743,1
31744,1
31747,1
31749,1
31750,3
31756,1
31757,1
31763,3
31764,1
31765,1
31768,3
31771,1
31772,1
31773,1
31774,1
31775,1
31778,1
31779,1
31780,1
31781,1
31783,1
31784,1
31787,1
31788,1
31789,1
31790,1
31791,1
31792,3
31793,1
31794,3
31795,1
31796,1
31798,1
31801,1
31803,1
31804,2
31805,1
31806,1
31807,2
31808,2
31810,1
31811,2
31812,1
31814,1
31815,1
31816,1
31820,2
31821,1
31822,1
31823,1
31824,1
31825,1
31826,1
31827,1
31829,2
31830,1
31831,1
31832,1
31833,1
31836,1
31901,1
31903,3
31904,0
31905,3
31906,3
31907,0
31909,0
32003,3
32008,1
32009,1
32011,3
32024,3
32025,3
32033,1
32034,0
32038,1
32040,1
32043,3
32044,1
32046,1
32052,1
32053,1
32054,1
32055,3
32058,1
32059,1
32060,3
32061,1
32062,1
32063,3
32064,1
32065,0
32066,1
32068,0
32071,1
32073,0
32079,1
32080,3
32081,2
32082,2
32083,1
32084,3
32086,3
32087,1
32091,3
32092,3
32094,1
32095,2
32096,1
32097,3
32102,1
32110,1
32112,1
32113,1
32114,3
32117,3
32118,3
32119,3
32124,1
32127,3
32128,3
32129,3
32130,1
32131,1
32132,1
32133,1
32134,1
32136,1
32137,0
32139,1
32140,1
32141,3
32145,1
32147,1
32148,1
32157,1
32159,3
32162,0
32164,0
32168,3
32169,2
32174,0
32176,3
32177,3
32179,1
32180,1
32181,1
32187,1
32189,1
32190,1
32193,1
32195,1
32202,1
32204,1
32205,3
32206,3
32207,0
32208,3
32209,3
32210,0
32211,3
32212,1
32216,0
32217,3
32218,0
32219,1
32220,3
32221,3
32222,1
32223,3
32224,0
32225,0
32226,3
32227,1
32228,1
32233,3
32234,1
32244,0
32246,0
32250,3
32254,1
32256,0
32257,0
32258,3
32259,0
32266,2
32277,3
32301,3
32303,0
32304,0
32305,3
32308,3
32309,3
32310,3
32311,3
32312,0
32317,2
32320,1
32321,1
32322,1
32323,1
32324,1
32327,3
32328,1
32330,1
32331,1
32332,1
32333,1
32334,1
32336,1
32340,1
32343,1
32344,3
32346,1
32347,1
32348,1
32350,1
32351,3
32352,1
32355,1
32356,1
32358,1
32359,1
32361,1
32399,1
32401,3
32403,1
32404,0
32405,3
32407,1
32408,3
32409,1
32410,1
32413,3
32420,1
32421,1
32423,1
32424,1
32425,3
32426,1
32427,1
32428,3
32430,1
32431,1
32432,1
32433,3
32435,1
32437,1
32438,1
32439,1
32440,1
32442,1
32443,1
32444,3
32445,1
32446,1
32447,1
32448,1
32449,1
32455,1
32456,1
32459,2
32460,1
32461,1
32462,1
32463,1
32464,1
32465,1
32466,1
32501,1
32502,1
32503,3
32504,3
32505,3
32506,0
32507,3
32508,1
32509,1
32511,1
32514,0
32526,0
32530,1
32531,1
32533,3
32534,3
32535,1
32536,3
32539,3
32541,2
32542,1
32544,1
32547,3
32548,3
32550,2
32561,2
32563,3
32564,1
32565,1
32566,0
32567,1
32568,1
32569,3
32570,3
32571,3
32577,1
32578,3
32579,2
32580,1
32583,3
32601,3
32603,1
32605,3
32606,3
32607,3
32608,0
32609,3
32612,1
32615,3
32616,1
32617,1
32618,1
32619,1
32621,1
32622,1
32625,1
32626,1
32628,1
32631,1
32639,1
32640,1
32641,3
32643,1
32648,1
32653,3
32656,3
32658,1
32664,1
32666,1
32667,1
32668,1
32669,3
32680,1
32681,1
32683,1
32686,1
32692,1
32693,1
32694,1
32696,1
32697,1
32701,3
32702,1
32703,0
32707,0
32708,0
32709,1
32712,0
32713,3
32714,0
32720,3
32724,3
32725,0
32726,3
32730,1
32732,2
32735,1
32736,2
32738,0
32744,1
32746,0
32750,3
32751,3
32754,1
32757,3
32759,1
32763,3
32764,1
32765,0
32766,2
32767,1
32771,0
32773,3
32776,3
32778,3
32779,3
32780,0
32784,1
32789,3
32792,0
32796,3
32798,1
32801,3
32803,3
32804,3
32805,3
32806,3
32807,3
32808,0
32809,3
32810,3
32811,0
32812,0
32814,2
32817,0
32818,0
32819,3
32820,2
32821,3
32822,0
32824,0
32825,0
32826,3
32827,2
32828,0
32829,3
32830,1
32831,1
32832,2
32833,1
32835,0
32836,2
32837,0
32839,0
32901,3
32903,2
32904,3
32905,3
32907,0
32908,1
32909,3
32920,1
32922,3
32925,1
32926,3
32927,3
32931,3
32934,3
32935,0
32937,3
32940,0
32948,1
32949,1
32950,1
32951,2
32952,3
32953,3
32955,0
32958,3
32960,3
32962,3
32963,2
32966,3
32967,3
32968,3
32970,1
32976,1
33001,1
33004,3
33009,0
33010,0
33012,0
33013,0
33014,0
33015,0
33016,0
33018,0
33019,2
33020,0
33021,0
33023,0
33024,0
33025,0
33026,3
33027,0
33028,2
33029,0
33030,0
33031,2
33032,0
33033,0
33034,3
33035,3
33036,2
33037,2
33039,1
33040,0
33042,2
33043,1
33050,1
33051,2
33054,3
33055,0
33056,0
33060,3
33062,3
33063,0
33064,0
33065,0
33066,3
33067,2
33068,0
33069,3
33070,2
33071,0
33073,3
33076,2
33109,2
33122,1
33125,0
33126,0
33127,3
33128,1
33129,2
33130,3
33131,2
33132,2
33133,0
33134,0
33135,0
33136,3
33137,3
33138,3
33139,0
33140,2
33141,0
33142,0
33143,0
33144,3
33145,3
33146,2
33147,0
33149,2
33150,3
33154,2
33155,0
33156,2
33157,0
33158,2
33160,0
33161,0
33162,0
33165,0
33166,3
33167,3
33168,3
33169,0
33170,3
33172,0
33173,0
33174,0
33175,0
33176,0
33177,0
33178,0
33179,0
33180,0
33181,3
33182,3
33183,0
33184,3
33185,3
33186,0
33187,3
33189,3
33190,3
33193,0
33194,2
33196,0
33301,2
33304,3
33305,2
33306,2
33308,3
33309,0
33311,0
33312,0
33313,0
33314,3
33315,3
33316,2
33317,0
33319,0
33321,0
33322,0
33323,3
33324,0
33325,3
33326,0
33327,2
33328,3
33330,2
33331,2
33332,2
33334,3
33351,0
33401,3
33403,3
33404,3
33405,3
33406,3
33407,3
33408,3
33409,3
33410,0
33411,0
33412,2
33413,3
33414,0
33415,0
33417,3
33418,0
33426,3
33428,0
33430,3
33431,3
33432,2
33433,0
33434,3
33435,3
33436,0
33437,0
33438,1
33440,3
33441,3
33442,3
33444,3
33445,3
33446,3
33449,2
33455,3
33458,0
33460,3
33461,0
33462,3
33463,0
33467,0
33469,2
33470,3
33471,1
33472,3
33473,2
33476,1
33477,2
33478,2
33480,2
33483,2
33484,3
33486,3
33487,3
33493,1
33496,2
33498,2
33503,1
33510,3
33511,0
33513,1
33514,1
33521,1
33523,3
33525,3
33527,3
33534,3
33538,1
33540,1
33541,3
33542,3
33543,3
33544,3
33545,3
33547,2
33548,2
33549,3
33556,2
33558,3
33559,3
33563,3
33565,3
33566,3
33567,3
33569,3
33570,3
33572,2
33573,3
33576,1
33578,0
33579,3
33584,3
33585,1
33592,1
33594,0
33596,3
33597,1
33598,3
33602,3
33603,3
33604,0
33605,3
33606,2
33607,3
33609,3
33610,0
33611,3
33612,0
33613,3
33614,0
33615,0
33616,3
33617,0
33618,3
33619,0
33620,1
33621,1
33624,0
33625,3
33626,2
33629,2
33634,3
33635,3
33637,3
33647,0
33701,3
33702,3
33703,3
33704,2
33705,3
33706,3
33707,3
33708,3
33709,3
33710,0
33711,3
33712,3
33713,3
33714,3
33715,2
33716,3
33744,1
33755,3
33756,3
33759,3
33760,3
33761,3
33762,1
33763,3
33764,3
33765,3
33767,2
33770,3
33771,3
33772,3
33773,3
33774,3
33776,2
33777,3
33778,3
33781,3
33782,3
33785,2
33786,2
33801,3
33803,3
33805,3
33809,3
33810,0
33811,3
33812,3
33813,0
33815,1
33823,3
33825,3
33827,1
33830,3
33834,1
33837,3
33838,1
33839,1
33841,1
33843,1
33844,0
33847,1
33848,1
33849,1
33850,1
33851,1
33852,3
33853,1
33854,1
33855,1
33856,1
33857,1
33859,1
33860,3
33865,1
33867,1
33868,1
33870,3
33872,3
33873,3
33875,1
33876,1
33877,1
33880,0
33881,3
33884,3
33890,1
33896,1
33897,3
33898,3
33901,3
33903,3
33904,3
33905,3
33907,3
33908,0
33909,3
33912,3
33913,3
33914,0
33916,3
33917,3
33919,3
33920,2
33921,2
33922,1
33924,1
33928,3
33930,1
33931,3
33935,3
33936,3
33944,1
33945,1
33946,2
33947,1
33948,3
33950,3
33952,3
33953,1
33954,1
33955,3
33956,1
33957,2
33960,1
33965,1
33966,1
33967,3
33971,3
33972,3
33973,1
33974,3
33976,3
33980,1
33981,1
33982,1
33983,3
33990,3
33991,3
33993,3
34101,1
34102,2
34103,2
34104,3
34105,2
34108,2
34109,3
34110,3
34112,3
34113,3
34114,3
34116,3
34117,3
34119,3
34120,3
34134,2
34135,0
34137,1
34138,1
34139,1
34140,1
34141,1
34142,3
34145,2
34201,2
34202,2
34203,0
34205,3
34207,3
34208,0
34209,3
34210,3
34211,2
34212,2
34215,2
34216,2
34217,2
34219,3
34221,0
34222,3
34223,3
34224,3
34228,2
34229,2
34231,3
34232,3
34233,3
34234,3
34235,3
34236,2
34237,3
34238,3
34239,3
34240,2
34241,2
34242,2
34243,3
34251,2
34266,3
34268,1
34269,1
34275,3
34285,3
34286,3
34287,3
34288,3
34289,1
34291,1
34292,3
34293,0
34420,3
34428,1
34429,1
34431,1
34432,1
34433,1
34434,1
34436,1
34442,3
34445,1
34446,3
34448,1
34449,1
34450,1
34452,1
34453,1
34461,1
34465,3
34470,3
34471,3
34472,3
34473,3
34474,3
34475,1
34476,3
34479,3
34480,3
34481,3
34482,3
34484,1
34488,1
34491,3
34498,1
34601,3
34602,1
34604,1
34606,3
34607,1
34608,3
34609,0
34610,3
34613,3
34614,1
34637,2
34638,3
34639,3
34652,3
34653,3
34654,3
34655,0
34661,1
34667,3
34668,0
34669,3
34677,3
34679,1
34681,1
34683,3
34684,3
34685,3
34688,2
34689,3
34690,1
34691,3
34695,3
34698,0
34705,1
34711,0
34714,3
34715,3
34731,1
34734,1
34736,3
34737,1
34739,1
34741,0
34743,0
34744,0
34746,0
34747,3
34748,0
34753,1
34756,1
34758,3
34759,3
34760,1
34761,0
34762,1
34769,3
34771,3
34772,3
34773,1
34785,3
34786,2
34787,0
34788,3
34797,1
34945,1
34946,1
34947,1
34949,1
34950,3
34951,3
34952,0
34953,0
34956,1
34957,3
34972,3
34974,3
34981,1
34982,3
34983,0
34984,3
34986,3
34987,1
34990,3
34994,3
34996,3
34997,0
39813,1
39815,1
39817,1
39819,1
39823,1
39824,1
39825,1
39826,1
39827,1
39828,3
39834,1
39836,1
39837,1
39840,1
39841,1
39842,1
39845,1
39846,1
39851,1
39854,1
39859,1
39861,1
39862,1
39866,1
39867,1
39870,1
39877,1
39885,1
39886,1
39897,1
